dam_nm,obsrvt_nm,obsr_de,rain_qy,prvyy_rain_qy,thsyy_acml_rain_qy,prvyy_acml_rain_qy,oy_avg_acml_rain_qy
기상청,금평,20241013,0,0,1203.5,1352,1083
대곡,울산시(천전리),20241009,0,0,1041,1514,1213.9
시화조력,안산시(시화조력),20241027,0,0,806.5,996,1054.2
평림,장성군(수산리),20241027,1,0,1309,1972,1283.7
연초,거제시(연초댐),20241028,4,0,2286.5,2077,1487.3
연초,거제시(연초댐),20241030,0,0,2286.5,2077,1487.3
경인아라뱃길,김포시(아라김포터미널),20241008,0,0,899,1241.5,1126.5
담양홍수조절지,담양군(담양홍수조절지),20241008,0,0,1280,2207,1330.5
무주양수,무주양수,20241008,0,0,879.5,1385,1245.4
지자체(부산),녹산12(부산),20241008,2,0,636,1409,977.9
괴산,송면(전),20241008,0,0,28,1486,1125
김천부항,김천시(파천리),20241027,2,0,1259,1634,1147.7
경인아라뱃길,인천시(귤현보),20241027,0,0,1079,1143,1038.5
도암,송천1교(전),20241027,0,13,3,1007,938.7
지자체(용인),남사면(용인),20241027,0,0,0,44,159.8
선암,울산시(선암댐),20241027,2,0,1514,1363,1236.4
한탄강,철원군(오덕초교),20241027,0,0,1311,1378,1373.9
보령,부여군(삼산리),20241027,0,0,1645,2232,1432.6
평화의댐,화천군(풍산리),20241027,0,0,1172.6,1049.8,1259.4
연초,거제시(연초댐),20241015,4.7,0,2118.5,2076,1455.4
연초,거제시(연초댐),20241024,0,0,2276.3,2077,1477.2
연초,거제시(연초댐),20241009,0,0,2075.9,2076,1443.7
연초,거제시(연초댐),20241016,0,0,2118.5,2076,1456.7
연초,거제시(연초댐),20241012,0,0,2076.1,2076,1450.2
연초,거제시(연초댐),20241001,0,0,1723.2,2075,1395.7
부안,부안군(부안청림천문대),20241009,0,1,1243,2023,1281
선암,울산시(선암댐),20241009,0,1,1305,1353,1163.4
섬진강,임실군(용암리),20241009,0,0,1163,1755,1141.2
구천,거제시(구천댐),20241009,0,0,1851,2370,2480.6
횡성,횡성군(횡성댐),20241009,0,4,1480,1267,1278.2
장흥,영암군(한대리),20241009,2,0,1604,1725,1403.9
남강,하동군(대곡리),20241009,0,0,1539,2178,1497
광동,삼척시(광동댐),20241009,0,6,1161,1013,1158.3
장흥,영암군(한대리),20241027,1,1,1755,1761,1434.3
보현산,영천시(보현산댐),20241027,4,0,1057,1254,965.1
안계,경주시(안계댐),20241027,3.5,0,947,949,871.8
성덕,청송군(갈천리),20241027,7,1,1155,1427,1074.5
용담,장수군(원촌리),20241027,2,0,1254,1680,1225
담양홍수조절지,담양군(담양홍수조절지),20241027,1,0,1359,2207,1368.3
연초,거제시(연초댐),20241025,0,0,2276.3,2077,1477.3
춘천,춘천댐(FTP),20241009,0,1,1336,1255.5,1338.2
주암(본),화순군(맹리),20241009,0,0,1454,1979,1345.3
영천,포항시(가사리),20241009,0,0,980.5,1120.5,948.4
보현산,영천시(보현산댐),20241009,0,0,988,1249,941.6
지자체(울산),북구청(울산),20241027,2,0,1272.5,627.5,1135.9
춘천,지내천(전),20241027,0,0,8,1185,901.5
연초,거제시(연초댐),20241011,0,0,2076.1,2076,1443.8
팔당,팔당댐(FTP),20241008,0,0,1158,1221.5,1924.7
화천,지촌천(전),20241008,0,0,10,1141,977.7
대곡,울산시(천전리),20241008,0,1,1041,1514,1213.3
밀양,울산시(이천리),20241008,9,0,1435,2171,1605.7
섬진강,진안군(도통리),20241008,0,0,1268,1809,1168.1
소양강,춘천시(소양강댐),20241027,0,0,1269,1261,1250.6
대곡,울산시(천전리),20241027,1,0,1157,1519,1246.5
섬진강,진안군(도통리),20241027,1,0,1324,1820,1195.2
남강,진주시(자매리),20241027,1,0,1776,2293,1544
연초,거제시(연초댐),20241019,2.3,0,2150.4,2076,1461.2
연초,거제시(연초댐),20241027,6.2,0,2282.5,2077,1485.4
기상청,북면,20241008,0,0,1171.5,1697,1290.1
홍수통제소,합천군(남정교)_환경부,20241027,1,0,1305,1683,8722.3
군남,연천군(횡산리),20241027,0,0,1690,1558,1241.9
군위,군위군(군위댐),20241027,5,0,1001,1132,934.4
구천,거제시(구천댐),20241027,6,0,2069,2370,2523
충주조정지,괴산군(고마리),20241027,1,0,1474,1674,1139.5
영주,영주시(영주댐),20241027,2,0,1088,1394,994.2
팔당,목동교(전),20241027,0,0,16,1355,1001.5
안동,봉화군(관창리),20241027,0,0,1138,1404,1098.3
지자체(부산),평강(부산),20241027,3,0,883.5,1613.5,1470.9
대청,영동군(남성리),20241027,2,0,1214,1379,1023.1
지자체(부산),녹산12(부산),20241009,0,0,636,1409,977.9
충주조정지,괴산군(오가리),20241009,0,2,1294,1467,1389.2
안동,봉화군(고선리),20241009,0,0,1160,1748,1094.5
임하,영양군(답곡리),20241009,0,0,817,1264,875.8
지자체(홍천),수타사계곡(홍천),20241009,0,0,148,0,106
수어,광양시(어치리),20241027,1,0,2403,2387,1904.2
영천,영천시(영천댐),20241027,3.5,0,883,1156,870
의암,의암댐(FTP),20241027,0,0,1225,1147.5,1425.7
청평,청평댐(FTP),20241027,0,0.5,1326,1437,2024.3
괴산,송면(전),20241027,0,0,28,1486,1134
연초,거제시(연초댐),20241022,123.2,0,2276.3,2077,1475.9
충주,제천시(물태리),20241008,0,0,1273,1405,1041.5
합천,거창군(지산교),20241008,0,0,1061,1469,1095.1
안계,경주시(안계댐),20241008,0.5,0.5,873.5,947.5,850.3
군남,연천군(횡산리),20241008,0,0,1624,1509,1211.5
의암,의암댐(FTP),20241008,0,0,1164.5,1115.5,1400.7
밀양,양산시(선리),20241009,0,0,1226,1795,1434.9
김천부항,김천시(김천부항댐),20241009,0,0,1068,1629,1105.8
안계,경주시(안계댐),20241009,0,0,873.5,947.5,851.2
합천조정지,합천군(남정교),20241009,0,0,1177,1674,1031.1
합천,거창군(우혜리),20241009,0,0,1176,1701,1303
지자체(경기도),태안읍(경기도),20241027,0,0,37,27.5,279.7
기상청,오창,20241027,1,0,1396.5,1465,1143.5
연초,거제시(연초댐),20241023,0,0,2276.3,2077,1476
연초,거제시(연초댐),20241013,0,0,2076.1,2076,1452.3
시화조력,안산시(시화조력),20241008,0,0,739.5,978.5,1025.7
운문,경주시(내칠리),20241008,1,0,1019,1171,1079.4
영주,봉화군(도촌초),20241008,0,0,1026,1830,1086
보현산,영천시(보현산댐),20241008,8,0,988,1249,941.6
소양강,인제군(서성초교),20241008,1,2,948,1129,1027.6
수어,광양시(수어댐),20241008,0,1,2023,2221,1449.6
담양홍수조절지,담양군(담양홍수조절지),20241009,1,0,1281,2207,1330.9
지자체(울산),동구청(울산),20241009,6.5,0,1366.5,664.5,1160.6
지자체(단양),영춘(단양),20241009,0,0,0,1390,599.3
대암,울산시(대암댐),20241027,2,0,1274,1646,3156.2
광동,태백시(상사미동),20241027,0,7,1497,1225,1162.7
달방,동해시(달방댐),20241027,1,17,1391,1141,1145.5
충주,삼척시(광동댐),20241027,0,4,1282,1025,1134.7
지자체(군포),대야도서관(군포),20241027,0,0,0,0,29.5
장흥,장흥군(운월리),20241008,0,2,1731,1826,1423.2
청평,청평댐(FTP),20241008,0,0,1262.5,1403.5,1997.5
도암,송천1교(전),20241008,0,2,3,983,921.9
운문,경주시(내칠리),20241009,0,0,1019,1171,1079.7
수어,광양시(어치리),20241009,0,0,2273,2386,1863
주암(본),화순군(동가리),20241027,0,0,1581,1714,1329.7
감포,경주시(감포댐),20241027,1.5,0,1106,1124.5,1132
밀양,울산시(이천리),20241027,1,0,1545,2182,1654.5
횡성,횡성군(횡성댐),20241027,0,0,1623,1289,1303.2
부안,부안군(부안청림천문대),20241027,2,0,1311,2040,1314.4
지자체(단양),단양군청(단양),20241027,0,0,0,1400,646.8
지자체(홍천),수타사계곡(홍천),20241027,0,0,240,0,163
운문,청도군(신원리),20241027,2,0,1280,1456,1277.2
주암(조),순천시(주암조절지댐),20241009,0,0,1993,2236,1489.5
군위,군위군(양지리),20241009,0,0,972,1185,903.1
한탄강,철원군(오덕초교),20241009,0,9,1240,1362,1344.8
평화의댐,화천군(풍산리),20241009,0,6.5,1111.5,1039.7,1235.2
보령,부여군(삼산리),20241009,0,0,1563,2196,1399.8
기상청,수산,20241009,0,0,1161,1487,1254.6
화천,화천댐(FTP),20241009,0,5.5,1119.5,1052,2320.1
의암,의암댐(FTP),20241009,0,0,1164.5,1115.5,1400.7
군남,연천군(횡산리),20241009,0,14,1624,1523,1214.2
화순홍수조절지,화순군(화순홍수조절지),20241027,1,0,1665,1620,1288.2
안동,봉화군(관창리),20241008,0,0,1068,1386,1071.5
대청,옥천군(원동리),20241008,0,0,1196,1399,1023.5
달방,동해시(달방댐),20241008,10,0,1248,1108,1100.2
홍수통제소,영양군(흥구교),20241008,1,1,920.5,685,1133.8
주암(본),화순군(맹리),20241008,0,1,1454,1979,1344.8
사연,울산시(구미리),20241008,0,1,1072,1455,1211.5
임하,영양군(현리),20241008,1,1,993,1276,889
괴산,내속리(전),20241009,0,2,27,1841,1126.7
감포,경주시(감포댐),20241009,1,2,998,1121,1084.2
시화조력,안산시(시화조력),20241009,0,1,739.5,979.5,1029.2
소양강,인제군(덕적리),20241009,0,4,1021,1093,1143.2
달방,동해시(달방댐),20241009,1,12,1249,1120,1102.2
홍수통제소,산청군(홍계리),20241009,0,0,1390,2089,2722.1
부안,부안군(부안댐),20241008,0,0,1010,1738,1222.5
충주조정지,괴산군(오가리),20241008,0,0,1294,1465,1386.8
성덕,청송군(갈천리),20241008,2,0,1100,1419,1046.9
합천조정지,합천군(남정교),20241008,0,0,1177,1674,1031
화순홍수조절지,화순군(화순홍수조절지),20241008,0,2,1535,1613,1255.9
청평,산장제1교(전),20241009,0,0,13,1562,1062.5
무주양수,무주양수,20241009,0,0,879.5,1385,1247.8
대청,옥천군(원동리),20241009,0,0,1196,1399,1024.7
사연,울산시(사연댐),20241027,1,0,1267,1521,1568.4
합천,거창군(지산교),20241027,1,0,1140,1473,1118.9
감포,경주시(감포댐),20241008,28,0,997,1119,1083.8
광동,태백시(상사미동),20241008,4,1,1329,1195,1118.4
대암,울산시(대암댐),20241008,12,0,1135,1642,3129.2
보령,부여군(삼산리),20241008,0,0,1563,2196,1398.8
용담,진안군(주양리),20241008,0,0,1567,1908,1355.2
춘천,지내천(전),20241008,0,0,8,1184,895.9
화순홍수조절지,화순군(화순홍수조절지),20241009,1,0,1536,1613,1256.3
경인아라뱃길,김포시(아라김포터미널),20241009,0,0.5,899,1242,1128.4
지자체(평택),진위면(평택),20241027,0,0,0,292,287.5
지자체(수원),경기도청(수원),20241027,0,0,153.5,34.5,370.7
지자체(의왕),부곡동(의왕),20241027,0,0,0,92,127.7
합천조정지,합천군(남정교),20241027,1,0,1307,1681,1052.1
김천부항,김천시(월곡리),20241008,0,0,1136,1621,1117.3
횡성,횡성군(춘당리),20241008,0,0,1350,1399,1286.3
Angat,Matulid,20241008,0,0,0,0,165.2
지자체(울산),두동면(울산),20241008,0,0,1276,708,1265.5
대암,울산시(대암댐),20241009,0,0,1135,1642,3129.9
사연,울산시(천전리),20241009,0,0,1041,1514,1212.6
성덕,청송군(성재리),20241009,1,0,1068,1395,1036.8
도암,송천1교(전),20241009,0,0,3,983,922.3
임하,청송군(상의리),20241027,4,0,950,1344,959.1
화천,양구서천(전),20241027,0,0,4,3051,1973
지자체(단양),사평(단양),20241008,0,0,0,1370.5,633.2
평화의댐,화천군(평화의댐),20241008,0,0,1154,1222,1215.6
구천,거제시(구천댐),20241008,0,3,1851,2370,2477.8
영천,포항시(지동리),20241008,11,0,1140,1365,1026.5
팔당,경안교(전),20241009,0,0,13,1175,985.1
충주,충주시(충주댐),20241009,0,1,1159,1393,953
평림,장성군(수산리),20241009,1,0,1227,1963,1254.8
용담,진안군(황금리),20241009,0,0,1298,1815,1332.8
영주,영주시(영주댐),20241009,0,0,1009,1385,974.1
주암(조),순천시(죽학리),20241027,1,0,1854,2096,1549.2
지자체(홍천),모곡4(홍천),20241008,0,0,121,0,83.5
군위,군위군(양지리),20241008,5,0,972,1185,901.3
한탄강,철원군(청양리),20241008,0,0,1408,1075,1209.6
평림,장성군(수산리),20241008,0,2,1226,1963,1253.9
남강,산청군(내대리),20241008,0,2,2065,2765,2219.1
주암(조),순천시(주암조절지댐),20241008,0,2,1993,2236,1488.3
선암,울산시(선암댐),20241008,1,0,1305,1352,1163.1
화천,양구서천(전),20241020,0,0,4,3048,1963.2
지자체(단양),평동(단양),20241007,0,0,0,1215.5,560.1
의암,의암댐(FTP),20241019,0.5,15.5,1197,1131.5,1410.3
선암,울산시(선암댐),20241019,10,0,1444,1361,1212.4
사연,울산시(사연댐),20241019,1,0,1197,1520,1555.7
용담,진안군(주평리),20241019,15,6,1309,1668,1222.8
성덕,청송군(성재리),20241019,12,0,1096,1396,1053.6
지자체(평택),신장동(평택),20241019,0,0,0,283,193.5
지자체(울산),온산읍(울산),20241019,0,0,1069,540,1259.1
장흥,영암군(한대리),20241020,0,1,1635,1731,1413.7
남강,산청군(향양리),20241020,0,2,1224,1561,1177.4
달방,동해시(달방댐),20241020,1,0,1379,1120,1124.1
운문,청도군(운문댐),20241020,0,2.5,936,1278,1090
군위,군위군(군위댐),20241020,0,4,975,1132,920.6
합천,거창군(지산교),20241020,0,3,1099,1473,1107.6
섬진강,임실군(섬진강댐),20241020,0,4,1254,1878,1229.6
대암,울산시(대암댐),20241020,0,2,1196,1646,3143.2
사연,울산시(천전리),20241020,0,3,1092,1519,1230.3
용담,진안군(황금리),20241020,0,5,1328,1828,1345.4
지자체(경기도),태안읍(경기도),20241020,0,0,37,26,279.1
대청,옥천군(인포리),20241007,3,0,1234,1496,1150.6
군위,군위군(군위댐),20241007,4,0,922,1120,898.9
선암,울산시(선암댐),20241007,8,0,1304,1352,1162.8
대암,울산시(대암댐),20241007,7,0,1123,1642,3123.8
시화조력,안산시(시화조력),20241007,0,0,739.5,978.5,1025.4
구천,거제시(구천댐),20241007,4,3,1851,2367,2468.1
충주,평창군(계촌리2),20241019,27,4,1247,1510,1244.4
보현산,영천시(보현산댐),20241019,15,0,1029,1250,955.6
합천,거창군(지산교),20241019,1,1,1099,1470,1107.1
구천,거제시(구천댐),20241026,0,0,2063,2370,2517.6
지자체(홍천),군청(홍천),20241026,0,0,0,0,131.8
경인아라뱃길,김포시(아라김포터미널),20241007,0,0,899,1241.5,1125.7
군남,연천군(군남댐),20241007,0,0,1386.5,1367,1215.8
부안,부안군(부안댐),20241007,4,0,1010,1738,1220.9
대곡,울산시(구미리),20241007,6,0,1072,1454,1201.9
달방,동해시(달방댐),20241007,0,0,1238,1108,1096.6
성덕,청송군(성재리),20241007,3,0,1060,1395,1033.2
임하,청송군(상의리),20241007,4,2,902,1338,930.1
합천조정지,합천군(남정교),20241007,2,0,1177,1674,1028.6
대곡,울산시(구미리),20241019,5,1,1122,1459,1225.3
기상청,대문다리,20241019,22,0,764,1056,869.5
횡성,횡성군(갑천리),20241019,17,10,1495,1405,1355.3
감포,경주시(감포댐),20241019,18,0,1060,1124,1107.4
홍수통제소,대전시(인창교),20241020,0,2,1246,1484,1079.7
도암,송천1교(전),20241020,0,0,3,987,934.8
춘천,춘천댐(FTP),20241020,0,0,1379,1261.5,1349.1
의암,의암댐(FTP),20241020,0,0,1197,1131.5,1411.5
지자체(단양),장림(단양),20241026,0,34,0,1382,611.9
홍수통제소,울산시(봉월초교),20241026,0,0,1013,1235,1264.1
지자체(울산),두동면(울산),20241007,5,0,1276,708,1265.2
밀양,밀양시(밀양댐),20241007,4,0,1166,1662,1218.7
도암,송천1교(전),20241007,0,0,3,981,920.6
보령,보령시(도화담리),20241019,0,9,1448,2127,1322.3
충주조정지,괴산군(고마리),20241019,4,17,1451,1673,1123.2
영천,포항시(지동리),20241019,19,0,1194,1366,1039.7
합천조정지,합천군(남정교),20241019,0,1,1240,1675,1042
팔당,목동교(전),20241019,0,8,16,1349,998.9
도암,송천1교(전),20241019,0,1,3,987,934.8
지자체(단양),평동(단양),20241020,0,2.5,0,1226,569.6
대청,영동군(산막리),20241020,0,3,1153,1447,1042.6
장흥,영암군(한대리),20241026,0,29,1754,1760,1430.9
달방,동해시(달방댐),20241026,0,4,1390,1124,1144.5
대청,보은군(구병리),20241026,0,0,1421,1945,1286
평림,장성군(평림댐),20241007,2,0,1245,1934,1278.5
광동,태백시(상사미동),20241007,0,0,1325,1194,1113.8
횡성,횡성군(갑천리),20241007,0,0,1415,1394,1340.6
홍수통제소,예천군(은풍면사무소),20241007,2,0,1077,1736,1730.3
괴산,압항천(전),20241019,0,7,25,1735,1096.2
보현산,영천시(보현산댐),20241020,0,4,1029,1254,956.8
시화조력,안산시(시화조력),20241020,0,0,799.5,993.5,1052.2
소양강,인제군(덕적리),20241020,0,0,1071,1095,1156.8
부안,부안군(부안청림천문대),20241020,0,9,1276,2039,1301
주암(조),순천시(주암조절지댐),20241020,0,0,2034,2241,1501.8
한탄강,철원군(서면초교),20241020,0,0,1439,1178,1317.3
지자체(홍천),모곡4(홍천),20241007,0,0,121,0,83.5
청평,홍천강(성포교_전),20241007,0,0,4,1053,940.1
기상청,압량면,20241007,2,0,838,1092,737.3
경인아라뱃길,인천시(귤현보),20241028,0,0,1079,1143,1039.1
영천,포항시(죽장면),20241020,0,2,1169.5,1326,994.5
선암,울산시(선암댐),20241020,0,2,1444,1363,1213.1
횡성,횡성군(갑천리),20241020,0,1,1495,1406,1356.5
주암(본),화순군(맹리),20241007,3,1,1454,1978,1338.8
충주,영월군(북쌍리),20241007,0,0,1147,1387,1056.5
영천,포항시(지동리),20241007,4,0,1129,1365,1021.3
의암,의암댐(FTP),20241007,0,0,1164.5,1115.5,1400
용담,진안군(주양리),20241007,5,0,1567,1908,1353
춘천,지내천(전),20241007,0,0,8,1184,895
한탄강,포천시(용담교),20241007,0,0,1472,1171,1198.4
수어,광양시(어치리),20241007,2,2,2273,2385,1856.7
주암(조),순천시(주암조절지댐),20241019,1,5,2034,2241,1501.5
대청,무주군(기곡리),20241019,13,6,1112,1443,1073.1
김천부항,김천시(파천리),20241019,8,2,1229,1631,1134.7
지자체(군포),대야도서관(군포),20241019,0,0,0,0,29.3
지자체(경기도),태안읍(경기도),20241026,0,0,37,27.5,279.7
감포,경주시(감포댐),20241026,0,0,1104.5,1124.5,1130.9
안계,경주시(안계댐),20241026,0,0,943.5,949,871.2
운문,경주시(대현리),20241026,0,0,1236,1324,1182.6
광동,삼척시(광동댐),20241026,0,5,1282,1021,1188
선암,울산시(선암댐),20241026,0,0,1512,1363,1235.7
담양홍수조절지,담양군(담양홍수조절지),20241026,0,0,1358,2207,1363.5
수어,광양시(수어댐),20241020,0,0,2104,2221,1460.3
청평,홍천강(성포교_전),20241020,0,0,4,1067,949.7
충주,원주시(황둔리),20241026,0,15,1570,1641,1356.3
영주,봉화군(도촌초),20241026,0,7,1114,1853,1106.7
대곡,울산시(구미리),20241026,0,0,1180,1464,1241.6
군위,군위군(양지리),20241026,0,0,1029,1193,923.3
성덕,청송군(무계리),20241020,0,3,1218,1637,1239.2
감포,경주시(감포댐),20241020,0,0.5,1060,1124.5,1107.9
평림,장성군(평림댐),20241020,0,6,1287,1944,1294.3
주암(본),보성군(보성강댐),20241020,0,0,1878.5,2166,1470.3
지자체(용인),기흥구청(용인),20241020,0,0,228,52,1987.1
평화의댐,화천군(평화의댐),20241020,0,0,1180,1233,1228.7
충주,강릉시(대기리2),20241028,8,0,1224,1057,1126.3
충주조정지,충주시(대곡리),20241028,0,0,1484,1481,1361.4
구천,거제시(구천댐),20241028,11,0,2080,2370,2525.8
밀양,울산시(이천리),20241028,2,0,1547,2182,1655.3
김천부항,김천시(파천리),20241028,1,0,1260,1634,1149.1
담양홍수조절지,담양군(담양홍수조절지),20241019,0,0,1320,2207,1345.8
주암(본),장흥군(봉동리),20241019,0,1,1851,1915,1463.2
구천,거제시(구천댐),20241019,2,0,1934,2370,2497.5
춘천,춘천댐(FTP),20241019,1.5,5,1379,1261.5,1348.1
지자체(단양),임현(단양),20241019,0,5,0,1383,604.8
화천,지촌천(전),20241019,0,3,10,1150,983.3
지자체(의왕),부곡동(의왕),20241019,0,0,0,92,127.3
한탄강,철원군(서면초교),20241019,1,16,1439,1178,1316
지자체(군포),대야도서관(군포),20241020,0,0,0,0,29.3
지자체(의왕),부곡동(의왕),20241020,0,0,0,92,127.3
지자체(수원),경기도청(수원),20241020,0,0,153.5,34,370.2
지자체(울산),남구청(울산),20241020,0,0,1088.5,649.5,1086.1
지자체(홍천),수타사계곡(홍천),20241020,0,0,194,0,140
지자체(부산),대저(부산),20241020,0,0,0,0,0
보현산,영천시(굼이교),20241007,3,0,1014,1335,924.8
영주,영주시(영주댐),20241007,4,0,1008,1385,972.1
충주조정지,괴산군(오가리),20241007,0,0,1294,1465,1385.6
지자체(수원),경기도청(수원),20241019,0,4,153.5,34,370.2
섬진강,임실군(용암리),20241019,12,5,1196,1760,1156.9
지자체(경기도),태안읍(경기도),20241019,0,2,37,26,279.1
보현산,영천시(굼이교),20241028,0,0,1082,1343,948.8
한탄강,철원군(청양리),20241028,0,0,1467,1111,1239.1
괴산,송면(전),20241020,0,0,28,1486,1131.4
보령,부여군(삼산리),20241020,0,2,1628,2231,1415.9
충주조정지,충주시(대곡리),20241020,0,0,1467,1480,1348.6
담양홍수조절지,담양군(담양홍수조절지),20241007,1,0,1280,2207,1328.1
안동,봉화군(갈산리),20241007,6,0,946,1594,969.2
운문,청도군(신원리),20241007,5,0,1168,1445,1240.5
지자체(부산),녹산12(부산),20241007,3,0,634,1409,977.2
평화의댐,화천군(평화의댐),20241007,0,0,1154,1222,1215.2
주암(조),순천시(죽학리),20241007,4,2,1741,2092,1514.7
안계,경주시(안계댐),20241007,3.5,0,873,947,845.7
사연,울산시(천전리),20241007,5,0,1041,1513,1205.2
홍수통제소,정선군(고한읍사무소),20241019,36,2,1341,1488,1164.3
군위,군위군(군위댐),20241019,25,1,975,1128,920
군남,연천군(횡산리),20241019,2,17,1672,1540,1226.2
부안,부안군(부안댐),20241019,2,3,1036,1746,1258.2
시화조력,안산시(시화조력),20241019,0,11,799.5,993.5,1052.2
장흥,영암군(한대리),20241019,1,3,1635,1730,1412.9
운문,청도군(운문댐),20241019,2.5,2,936,1275.5,1089.2
안계,경주시(안계댐),20241019,8.5,0,915,947.5,861.8
군남,연천군(횡산리),20241020,0,0,1672,1540,1227.4
광동,삼척시(광동댐),20241020,3,1,1268,1016,1175.1
안계,경주시(안계댐),20241020,0,1.5,915,949,861.9
임하,영양군(도곡리),20241020,0,8,965,1440,945.5
안동,안동시(기사리),20241020,0,5,1009,1358,918
김천부항,김천시(월곡리),20241020,0,2,1160,1623,1130.3
합천조정지,합천군(남정교),20241020,0,3,1240,1678,1042.4
대곡,울산시(천전리),20241020,0,3,1092,1519,1230
밀양,밀양시(밀양댐),20241020,0,3,1205,1667,1236.1
괴산,송면(전),20241026,0,0,28,1486,1133.7
합천조정지,합천군(남정교),20241026,0,3,1306,1681,1051.3
수어,광양시(수어댐),20241026,0,0,2182,2221,1474.1
화순홍수조절지,화순군(화순홍수조절지),20241007,4,1,1535,1611,1250.4
화순홍수조절지,화순군(화순홍수조절지),20241019,1,6,1565,1619,1267.6
주암(본),화순군(맹리),20241028,0,0,1559,1994,1380.4
지자체(단양),상방(단양),20241028,0,0,0,1380,637.9
괴산,송면(전),20241028,0,0,28,1486,1135
Angat,Talaguio,20241028,0,0,0,0,187.2
지자체(경기도),태안읍(경기도),20241028,0,0,37,27.5,279.9
군위,군위군(군위댐),20241028,1,0,1002,1132,935.2
안동,안동시(의촌리),20241028,0,0,1059,1487,941
대암,울산시(대암댐),20241028,1,0,1275,1646,3156.6
영천,포항시(가사리),20241028,3,0,1063,1124.5,970.5
홍수통제소,봉화군(대현교),20241028,1.5,0,1277.5,736.5,1386.8
성덕,청송군(무계리),20241028,3,0,1255,1639,1253.2
화천,지촌천(전),20241028,0,0,10,1155,988.1
화순홍수조절지,화순군(화순홍수조절지),20241020,0,1,1565,1620,1268.2
무주양수,무주양수,20241007,4,0,879.5,1385,1244.4
대암,울산시(대암댐),20241019,4,0,1196,1644,3142.8
평림,장성군(평림댐),20241019,1,0,1287,1938,1291.2
광동,태백시(상사미동),20241019,77,1,1481,1208,1144.5
소양강,인제군(서성초교),20241019,4,1,1002,1135,1043.2
남강,함양군(운곡리),20241019,6,5,1424,1869,1411.1
수어,광양시(어치리),20241019,2,1,2327,2387,1879.2
평화의댐,화천군(풍산리),20241019,2.9,3.5,1138,1043.2,1248.3
지자체(홍천),군청(홍천),20241019,0,0,0,0,131.8
기상청,전주_대성동,20241020,0,6,1292,1690,1312.9
지자체(평택),신장동(평택),20241020,0,0,0,283,193.5
김천부항,김천시(파천리),20241007,3,0,1208,1625,1115
보령,부여군(삼산리),20241007,2,0,1563,2196,1397.4
남강,산청군(내대리),20241007,5,1,2065,2763,2214.6
감포,경주시(감포댐),20241007,5,7,969,1119,1073.6
섬진강,임실군(용암리),20241007,4,0,1163,1755,1138.9
지자체(용인),공세동(용인),20241019,0,0,0,56,123.9
감포,경주시(감포댐),20241028,2.5,0,1108.5,1124.5,1133.9
사연,울산시(사연댐),20241028,2,0,1269,1521,1569.8
춘천,지내천(전),20241026,0,0,8,1185,901
지자체(의왕),부곡동(의왕),20241026,0,0,0,92,127.7
영주,봉화군(상운초),20241020,0,5,1061,1549,965.9
충주,강릉시(대기리2),20241020,1,1,1197,1035,1110.7
팔당,목동교(전),20241020,0,0,16,1349,998.9
구천,거제시(구천댐),20241020,0,0,1934,2370,2498.2
화천,지촌천(전),20241007,0,0,10,1141,977.3
괴산,송면(전),20241007,0,0,28,1486,1125
장흥,장흥군(운월리),20241007,4,2,1731,1824,1419.7
합천,거창군(우혜리),20241007,2,0,1176,1700,1299.9
소양강,인제군(귀둔리),20241007,0,0,919,1026,1099.5
팔당,팔당댐(FTP),20241007,0,0,1158,1221.5,1924.2
청평,산장제1교(전),20241019,0,13,13,1577,1071.6
지자체(부산),평강(부산),20241019,1,0,805.5,1612.5,1444.6
도암,송천1교(전),20241026,0,7,3,994,937.1
기상청,하빈면,20241026,0,0,1082,1494,726.1
영천,포항시(죽장면),20241026,0,0,1197,1326,1003.2
한탄강,포천시(용담교),20241026,0,3,1526,1190,1220.6
안동,울진군(전곡리),20241026,0,7,1388,1470,1185.3
충주조정지,충주시(향산리),20241026,0,1,1366,1375,1098.1
횡성,횡성군(갑천리),20241026,0,10,1534,1416,1368.4
시화조력,안산시(시화조력),20241026,0,0,806.5,996,1054.2
지자체(부산),대저(부산),20241026,0,0,0,0,0
경인아라뱃길,김포시(아라김포터미널),20241020,0,0,957.5,1252.5,1141.3
담양홍수조절지,담양군(담양홍수조절지),20241020,0,0,1320,2207,1350
경인아라뱃길,인천시(아라인천터미널),20241019,0.5,9.5,1062.5,1133,1051.7
임하,영양군(답곡리),20241019,5,1,839,1265,886.7
영주,영주시(영주댐),20241019,16,3,1061,1392,987.8
달방,동해시(달방댐),20241019,70,0,1378,1120,1123.5
밀양,밀양시(밀양댐),20241019,3,0,1205,1664,1235.5
안동,봉화군(고선리),20241019,23,3,1240,1757,1108.4
선암,울산시(선암댐),20241029,0,0,1520,1363,1238.7
수어,광양시(수어댐),20241029,0,0,2183,2221,1476
연초,거제시(연초댐),20241002,0,0,2061,2075,1419
연초,거제시(연초댐),20241003,5,0,2066,2075,1419.8
연초,거제시(연초댐),20241004,0,0,2066,2075,1420.2
연초,거제시(연초댐),20241006,5.9,0,2071.9,2075,1431.8
연초,거제시(연초댐),20241007,4,0,2075.9,2075,1435.5
연초,거제시(연초댐),20241008,0,1,2075.9,2076,1441
연초,거제시(연초댐),20241010,0.2,0,2076.1,2076,1443.8
연초,거제시(연초댐),20241017,0,0,2118.5,2076,1456.8
연초,거제시(연초댐),20241018,29.6,0,2148.1,2076,1459.5
연초,거제시(연초댐),20241021,2.7,0,2153.1,2077,1464.5
연초,거제시(연초댐),20241026,0,0,2276.3,2077,1482.1
연초,거제시(연초댐),20241029,0,0,2286.5,2077,1487.3
연초,거제시(연초댐),20241031,0,0,2286.5,2077,1488.4
춘천,지내천(전),20241012,0,0,8,1184,898.5
성덕,청송군(무계리),20241015,8,0,1195,1633,1231.7
담양홍수조절지,담양군(담양홍수조절지),20241021,7,0,1327,2207,1355
화순홍수조절지,화순군(화순홍수조절지),20241021,29,0,1594,1620,1273.9
경인아라뱃길,김포시(아라김포터미널),20241021,0,1.5,957.5,1254,1141.5
기상청,천등산,20241021,0,0.5,1400.5,1552,1465.3
지자체(군포),대야도서관(군포),20241021,0,0,0,0,29.3
지자체(단양),평동(단양),20241021,0,0,0,1226,569.6
홍수통제소,의령군(부림면사무소),20241021,3,0,1195,1681,1468
홍수통제소,단양군(올산리),20241010,0,0,1244,1838,1098.9
괴산,압항천(전),20241010,0,0,25,1717,1088
지자체(울산),삼남면(울산),20241010,0,0,1181,699,1198.6
횡성,횡성군(횡성댐),20241010,0,0,1480,1267,1280.3
보령,보령시(보령댐),20241010,0,0,1232,1804,975.8
주암(본),보성군(보성강댐),20241012,0,0,1846.5,2164,1464.2
대암,울산시(대암댐),20241015,10,0,1166,1644,3136.9
담양홍수조절지,담양군(담양홍수조절지),20241015,2,0,1319,2207,1341.6
지자체(단양),상방(단양),20241011,0,0,0,1328,622.1
담양홍수조절지,담양군(담양홍수조절지),20241011,0,0,1282,2207,1336.3
괴산,내속리(전),20241021,0,0,27,1851,1133.8
지자체(홍천),모곡4(홍천),20241021,0,0,155,0,103.5
시화조력,안산시(시화조력),20241021,0.5,1,800,994.5,1052.5
평림,장성군(수산리),20241021,8,2,1274,1972,1270.6
평화의댐,화천군(풍산리),20241021,0,0,1138,1043.2,1248.3
영주,봉화군(상운초),20241021,1,0,1062,1549,966
소양강,인제군(남전리),20241021,0,0,1011,1082,1033
충주조정지,괴산군(고마리),20241021,0,1,1451,1674,1129.9
군위,군위군(군위댐),20241021,2,0,977,1132,924.5
장흥,장흥군(장흥댐),20241021,16,0,1713,1893,1424.1
합천조정지,합천군(남정교),20241021,6,0,1246,1678,1044.4
구천,거제시(구천댐),20241021,3,0,1937,2370,2502.1
안동,봉화군(서동리),20241021,1,0,1148,1691,1056.5
용담,장수군(삼봉리),20241021,6,1,1318,1755,1204.7
대청,영동군(산막리),20241021,3,0,1156,1447,1044.6
기상청,오산,20241010,1,0,1349,1811,1375.9
담양홍수조절지,담양군(담양홍수조절지),20241010,1,0,1282,2207,1335.3
청평,산장제1교(전),20241010,0,0,13,1562,1065.6
의암,의암댐(FTP),20241010,0,0,1164.5,1115.5,1401.7
화천,화천천(전),20241010,0,0,0,0,799.6
남강,산청군(장천리),20241010,0,0,1352,2070,1406.2
도암,송천1교(전),20241029,0,0,3,1007,939.6
대암,울산시(대암댐),20241029,0,0,1275,1646,3156.7
충주조정지,충주시(대곡리),20241029,0,0,1484,1481,1361.8
달방,동해시(달방댐),20241029,1,0,1427,1143,1148.8
합천조정지,합천군(남정교),20241029,0,0,1307,1681,1053.5
합천,거창군(우혜리),20241029,0,0,1251,1704,1327.4
기상청,행원,20241028,0,0,1316,1050,1241.1
부안,부안군(부안댐),20241029,0,0,1067,1754,1276
충주,횡성군(부곡리),20241029,0,0,1523,1565,1337.8
안계,경주시(안계댐),20241029,0,0,956,949,872.2
시화조력,안산시(시화조력),20241029,0,0,806.5,996,1054.2
평화의댐,화천군(평화의댐),20241029,0,0,1224,1240,1244.1
한탄강,철원군(청양리),20241029,0,0,1467,1111,1239.2
춘천,춘천댐(FTP),20241028,0,0,1412,1271,1363.9
의암,의암댐(FTP),20241028,0,0,1225,1147.5,1427.2
청평,청평댐(FTP),20241028,0,0,1326,1437,2025.9
횡성,횡성군(갑천리),20241028,0,0,1534,1416,1370.7
대청,상주시(득수리),20241028,1,0,1409,1408,1141.6
섬진강,진안군(도통리),20241028,0,0,1324,1820,1196.2
팔당,목동교(전),20241028,0,0,16,1355,1003.3
무주양수,무주양수,20241028,0,0,887,1385.5,1266.5
영주,봉화군(상운초),20241028,0,0,1085,1556,973.8
운문,청도군(운문댐),20241028,0.5,0,981.5,1278,1103.1
안계,경주시(안계댐),20241028,9,0,956,949,872.2
선암,울산시(선암댐),20241028,6,0,1520,1363,1238.7
광동,태백시(상사미동),20241028,13,0,1510,1225,1165.1
남강,산청군(내원리),20241028,1,0,2227,2765,2198.4
지자체(울산),두서면(울산),20241029,0,0,1232,573,1151.7
지자체(수원),경기도청(수원),20241029,0,0,153.5,34.5,371.7
팔당,경안교(전),20241029,0,0,13,1197,994.3
광동,삼척시(광동댐),20241029,0,0,1298,1025,1190.6
군남,연천군(횡산리),20241029,1,0,1691,1558,1242.8
지자체(홍천),수타사계곡(홍천),20241029,0,0,240,0,163
경인아라뱃길,인천시(아라인천터미널),20241029,0.5,0,1071.5,1137,1064.8
담양홍수조절지,담양군(담양홍수조절지),20241029,0,0,1359,2207,1369.2
지자체(울산),상북면(울산),20241012,0,0,1171,617,1183.5
군남,연천군(군남댐),20241015,0,0,1387,1381.5,1225.3
운문,경주시(대현리),20241015,13,0,1175,1318,1160.8
구천,거제시(구천댐),20241015,25,0,1917,2370,2492.9
지자체(홍천),군청(홍천),20241015,0,0,0,0,131.7
지자체(군포),대야도서관(군포),20241015,0,0,0,0,29.3
지자체(수원),경기도청(수원),20241015,0,0,153.5,30,369
합천,거창군(지산교),20241015,5,0,1092,1469,1104.5
주암(본),장흥군(봉동리),20241021,10,0,1861,1916,1465.8
운문,청도군(운문댐),20241021,1.5,0,937.5,1278,1091.8
보현산,영천시(보현산댐),20241021,2,0,1031,1254,960.3
임하,청송군(대전리),20241021,2,0,1032,1388,949.2
밀양,양산시(선리),20241021,3,0,1269,1800,1452.4
성덕,청송군(무계리),20241021,2,0,1220,1637,1244.3
사연,울산시(사연댐),20241021,2,0,1199,1521,1559.2
대곡,울산시(구미리),20241021,1,0,1123,1464,1229.7
한탄강,포천시(용담교),20241011,0,0,1475,1179,1203.4
구천,거제시(구천댐),20241011,0,0,1851,2370,2480.9
부안,부안군(부안댐),20241021,2,0,1038,1754,1260.8
안계,경주시(안계댐),20241021,2,0,917,949,864
영천,영천시(영천댐),20241021,2.5,0,859,1156,863.2
Angat,Maputi,20241010,0,0,0,0,150.8
임하,안동시(기사리),20241010,0,0,987,1349,916.1
안계,경주시(안계댐),20241010,0,0,873.5,947.5,852.3
주암(본),화순군(맹리),20241010,1,0,1455,1979,1347
운문,청도군(운문댐),20241010,0,0,889,1272.5,1076.9
보현산,영천시(보현산댐),20241010,0,0,988,1249,941.7
대청,상주시(득수리),20241010,0,0,1324,1392,1114.8
소양강,인제군(남전리),20241010,0,0,973,1080,1020.6
장흥,장흥군(장흥댐),20241028,0,0,1810,1900,1440.7
용담,진안군(주양리),20241028,0,0,1677,1925,1391.1
평화의댐,화천군(평화의댐),20241028,1,0,1224,1240,1243.9
부안,부안군(부안청림천문대),20241028,0,0,1311,2040,1315
보령,부여군(삼산리),20241028,0,0,1645,2232,1433.9
화순홍수조절지,화순군(화순홍수조절지),20241012,0,0,1538,1613,1259
화천,양구서천(전),20241012,0,0,4,2974,1952.4
괴산,압항천(전),20241012,0,0,25,1717,1090.2
보령,부여군(삼산리),20241012,0,0,1564,2198,1402.4
감포,경주시(감포댐),20241012,0,0,998,1121.5,1090.2
영주,봉화군(도촌초),20241012,0,0,1026,1830,1090.4
장흥,장흥군(운월리),20241012,0,0,1742,1826,1426.4
안동,봉화군(갈산리),20241012,0,0,946,1594,979
합천조정지,합천군(남정교),20241012,0,0,1177,1674,1035.5
합천,거창군(지산교),20241012,0,0,1062,1469,1101.1
평림,장성군(평림댐),20241012,0,0,1245,1935,1283.9
주암(조),순천시(죽학리),20241012,0,0,1741,2094,1523
구천,거제시(구천댐),20241012,0,0,1851,2370,2486.6
용담,진안군(주양리),20241012,0,0,1567,1908,1361.9
대청,상주시(득수리),20241012,0,0,1324,1392,1117.4
소양강,인제군(한계초교),20241012,0,0,942,1000,1024.7
충주,제천시(도전리),20241012,0,0,1259,1540,1085.1
남강,산청군(내원리),20241012,0,0,2082,2762,2165.4
임하,영양군(현리),20241012,0,0,993,1279,895.6
군위,군위군(양지리),20241015,7,0,989,1187,912.1
지자체(의왕),부곡동(의왕),20241015,0,0,0,92,127
화천,화천천(전),20241015,0,0,0,0,801.5
홍수통제소,강진군(병영면사무소),20241011,0,0,1517,1754,1614
충주조정지,충주시(대곡리),20241011,0,0,1393,1465,1339.2
남강,산청군(경호교),20241021,8,0,1386,1738,1389.7
안동,안동시(기사리),20241010,0,0,977,1349,908.8
영천,영천시(영천댐),20241010,0,0,819,1150,852.3
주암(조),순천시(주암조절지댐),20241010,0,0,1993,2236,1491.6
성덕,청송군(무계리),20241010,0,0,1180,1630,1218.6
사연,울산시(사연댐),20241010,0,0,1152,1515,1534.9
섬진강,임실군(용암리),20241010,0,0,1163,1755,1143.2
영주,봉화군(물야정수장),20241010,0,0,476,0,476
대곡,울산시(천전리),20241010,0,0,1041,1514,1214.9
충주,정선군(유천리),20241010,0,1,913,1161,1032.6
도암,송천1교(전),20241010,0,3,3,986,922.9
군위,군위군(군위댐),20241010,0,0,929,1120,906.7
군남,연천군(횡산리),20241028,0,0,1690,1558,1242.4
소양강,인제군(귀둔리),20241028,7,0,1025,1043,1131.4
임하,영양군(현리),20241028,0,0,1029,1288,915.3
홍수통제소,평창군(신리),20241029,0,0,1160,1293,1175.1
기상청,달궁,20241012,0,0,513,1950,1607.1
충주조정지,괴산군(고마리),20241015,13,0,1361,1656,1118.1
수어,광양시(수어댐),20241015,3,0,2053,2221,1455.6
지자체(수원),경기도청(수원),20241021,0,0.5,153.5,34.5,370.3
성덕,청송군(갈천리),20241011,0,0,1100,1419,1050.1
운문,청도군(신원리),20241011,0,0,1168,1446,1249.2
경인아라뱃길,인천시(아라인천터미널),20241010,0,0.5,1015,1119.5,1043.3
춘천,춘천댐(FTP),20241010,0,0,1336,1255.5,1340
팔당,팔당댐(FTP),20241010,0,0,1158,1221.5,1925.7
용담,장수군(삼봉리),20241010,0,0,1279,1741,1192.7
지자체(수원),경기도청(수원),20241028,0,0,153.5,34.5,370.9
지자체(의왕),부곡동(의왕),20241028,0,0,0,92,128
지자체(울산),동구청(울산),20241028,1,0,1637,664.5,1235.4
지자체(부산),대저(부산),20241012,0,0,0,0,0
대암,울산시(대암댐),20241012,0,0,1135,1642,3133.2
청평,청평댐(FTP),20241012,0,0,1262.5,1404,2001.1
선암,울산시(선암댐),20241012,0,0,1305,1353,1163.4
사연,울산시(천전리),20241015,6,0,1072,1515,1223.4
임하,영양군(현리),20241015,8,0,1005,1279,899.3
남강,산청군(내원리),20241011,0,0,2082,2762,2161.2
보령,보령시(보령댐),20241011,0,0,1232,1804,976.8
지자체(울산),두동면(울산),20241011,0,0,1276,708,1273.4
군남,연천군(횡산리),20241011,0,0,1627,1523,1218.2
보령,부여군(삼산리),20241021,0,1,1628,2232,1418.8
청평,청평댐(FTP),20241021,0,0.5,1298,1426.5,2010.1
합천,거창군(우혜리),20241021,6,0,1225,1704,1315.8
부안,부안군(부안댐),20241026,0,0,1065,1754,1269.3
무주양수,무주양수,20241029,0,0,887,1385.5,1267.1
대곡,울산시(구미리),20241012,0,0,1072,1457,1214.3
김천부항,김천시(월곡리),20241012,0,0,1136,1621,1122.9
밀양,울산시(이천리),20241012,0,0,1435,2171,1613.6
평화의댐,화천군(평화의댐),20241015,1,0,1155,1228,1224.5
용담,장수군(원촌리),20241015,2,0,1200,1668,1206.6
김천부항,김천시(파천리),20241021,5,0,1234,1634,1139.5
횡성,횡성군(횡성댐),20241021,0,0,1585,1276,1292.4
영주,봉화군(상운초),20241011,0,0,1012,1539,955.6
합천,거창군(우혜리),20241011,0,0,1176,1701,1305.6
충주,평창군(수항리),20241011,0,0,984,1170,1127
주암(조),순천시(죽학리),20241011,0,0,1741,2094,1522.3
지자체(홍천),모곡4(홍천),20241011,0,0,121,0,86.5
팔당,경안교(전),20241011,0,0,13,1175,988.9
임하,청송군(월전리),20241011,0,0,892,1269,903.6
의암,의암댐(FTP),20241011,0,0,1164.5,1115.5,1404.1
시화조력,안산시(시화조력),20241011,0,0,743,979.5,1032.5
무주양수,무주양수,20241011,0,0,879.5,1385,1253
군남,연천군(횡산리),20241010,3,0,1627,1523,1217.3
수어,광양시(수어댐),20241010,0,0,2023,2221,1450.8
평림,장성군(수산리),20241028,0,0,1309,1972,1284.2
도암,송천1교(전),20241028,0,0,3,1007,939.6
지자체(단양),장림(단양),20241029,0,0,0,1382,611.9
청평,홍천강(한덕교_전),20241029,0,0,19,1252,970.5
보현산,영천시(보현산댐),20241029,0,0,1058,1255,966.7
성덕,청송군(성재리),20241029,0,0,1124,1399,1065.3
영주,영주시(영주댐),20241029,0,0,1092,1394,996.2
주암(조),순천시(주암조절지댐),20241029,0,0,2112,2241,1517.2
감포,경주시(감포댐),20241029,0,0,1108.5,1124.5,1134.8
사연,울산시(구미리),20241029,0,0,1182,1466,1248.6
보령,보령시(도화담리),20241029,0,0,1468,2135,1345.1
영천,포항시(가사리),20241029,0,0,1063,1124.5,970.7
구천,거제시(구천댐),20241029,0,0,2080,2370,2526.1
안동,봉화군(고선리),20241029,0,0,1267,1770,1125.7
김천부항,김천시(파천리),20241029,0,0,1260,1634,1149.2
운문,청도군(신원리),20241029,0,0,1283,1456,1277.8
연초,거제시(연초댐),20241005,0,0,2066,2075,1425.3
연초,거제시(연초댐),20241020,0,1,2150.4,2077,1461.9
도암,송천1교(전),20241012,0,0,3,986,925.8
사연,울산시(구미리),20241012,0,0,1072,1457,1217.5
군남,연천군(횡산리),20241012,0,0,1627,1523,1218.2
성덕,청송군(무계리),20241012,0,0,1180,1630,1224.5
부안,부안군(부안댐),20241012,0,0,1011,1739,1250.2
의암,의암댐(FTP),20241012,0,0,1164.5,1115.5,1404.2
경인아라뱃길,인천시(아라인천터미널),20241012,0,0,1015,1119.5,1043.7
군위,군위군(군위댐),20241012,0,0,929,1120,910.5
장흥,장흥군(운월리),20241015,0,0,1767,1827,1429.8
남강,함양군(화촌리),20241015,2,0,1145,1512,1208.8
섬진강,순창군(시산리),20241015,1,0,1201,1933,1332.9
충주,영월군(북쌍리),20241015,13,0,1160,1390,1068.7
지자체(평택),진위면(평택),20241015,0,0,0,292,285.7
안계,경주시(안계댐),20241015,10.5,0,894.5,947.5,858.7
감포,경주시(감포댐),20241015,12,0.5,1033,1124,1100.5
화순홍수조절지,화순군(화순홍수조절지),20241015,0,0,1564,1613,1262
경인아라뱃길,김포시(아라김포터미널),20241015,0.5,0,899.5,1246,1132.5
시화조력,안산시(시화조력),20241010,3.5,0,743,979.5,1032.5
김천부항,김천시(월곡리),20241010,0,0,1136,1621,1118.9
군위,군위군(양지리),20241029,0,0,1036,1193,926.5
화순홍수조절지,화순군(화순홍수조절지),20241029,0,0,1665,1620,1289
담양홍수조절지,담양군(담양홍수조절지),20241012,0,0,1282,2207,1337.8
춘천,춘천댐(FTP),20241015,0,0,1336,1256.5,1343.8
청평,산장제1교(전),20241015,0,0,13,1564,1069.4
평림,장성군(수산리),20241015,0,1,1256,1964,1261.5
합천조정지,합천군(남정교),20241015,4,0,1222,1674,1038.8
팔당,경안교(전),20241015,0,0,13,1177,989.2
영천,포항시(죽장면),20241015,12,0,1142.5,1323.5,991
지자체(부산),평강(부산),20241021,0.5,0,806,1613.5,1445.1
지자체(부산),평강(부산),20241010,0,0,718,1612.5,1415.5
지자체(단양),임현(단양),20241010,0,0,0,1376,597
지자체(용인),공세동(용인),20241028,0,0,0,56,124.6
지자체(평택),서탄면(평택),20241029,0,0,154,37.5,265.5
지자체(경기도),태안읍(경기도),20241029,0,0,37,27.5,280.2
지자체(용인),남사면(용인),20241029,0,0,0,44,160.3
괴산,압항천(전),20241029,0,0,25,1736,1098.8
의암,의암댐(FTP),20241015,0,0,1164.5,1116,1405.9
지자체(용인),공세동(용인),20241015,0,0,0,56,123.4
안계,경주시(안계댐),20241011,0,0,873.5,947.5,853.4
영천,포항시(지동리),20241011,0,0,1140,1365,1030
사연,울산시(구미리),20241011,0,0,1072,1457,1215.8
대암,울산시(대암댐),20241011,0,0,1135,1642,3132.1
보현산,영천시(보현산댐),20241011,0,0,988,1249,943.7
주암(본),화순군(동가리),20241011,0,0,1456,1708,1301.3
군위,군위군(양지리),20241011,0,0,972,1185,906.4
Angat,Matulid,20241011,0,0,0,0,166
지자체(부산),대저(부산),20241011,0,0,0,0,0
경인아라뱃길,인천시(귤현보),20241011,0,0,1011,1127,1019.7
횡성,횡성군(춘당리),20241011,0,0,1350,1406,1293.3
선암,울산시(선암댐),20241011,0,0,1305,1353,1163.4
수어,광양시(수어댐),20241011,0,0,2023,2221,1452.4
감포,경주시(감포댐),20241021,0.5,0,1060.5,1124.5,1112.8
지자체(군포),대야도서관(군포),20241029,0,0,0,0,29.8
지자체(의왕),부곡동(의왕),20241029,0,0,0,92,128
지자체(군포),대야도서관(군포),20241028,0,0,0,0,29.8
화천,지촌천(전),20241029,0,0,10,1155,988.2
춘천,지내천(전),20241029,0,0,8,1185,902.9
임하,청송군(덕리),20241029,0,0,877,1347,923.1
대곡,울산시(천전리),20241029,0,0,1157,1519,1247
섬진강,임실군(용암리),20241029,0,0,1232,1765,1174.6
주암(본),화순군(맹리),20241029,0,0,1559,1994,1380.4
대청,보은군(구병리),20241029,0,0,1423,1945,1290.9
밀양,밀양시(밀양댐),20241029,0,0,1273,1667,1248.7
용담,무주군(삼가리),20241029,0,0,1270,1596,1181.4
소양강,인제군(용대초교),20241029,0,0,1167,1143,1278.6
달방,동해시(달방댐),20241012,0,0,1249,1120,1105
횡성,횡성군(춘당리),20241012,0,0,1350,1406,1293.5
부안,부안군(부안댐),20241015,1,0,1028,1743,1254.9
선암,울산시(선암댐),20241015,14,0,1344,1361,1179.1
대곡,울산시(천전리),20241015,6,0,1072,1515,1223.5
군남,연천군(횡산리),20241021,0,0,1672,1540,1227.8
섬진강,진안군(도통리),20241021,9,1,1300,1820,1186.5
밀양,울산시(이천리),20241011,0,0,1435,2171,1611
소양강,인제군(용대초교),20241011,0,0,1054,1128,1243.6
춘천,춘천댐(FTP),20241011,0,0,1336,1255.5,1342.2
부안,부안군(부안댐),20241011,0,0,1011,1739,1248
장흥,장흥군(운월리),20241011,0,0,1742,1826,1426
합천,거창군(우혜리),20241010,0,0,1176,1701,1304.1
달방,동해시(달방댐),20241010,0,0,1249,1120,1102.5
합천,거창군(우혜리),20241028,0,0,1251,1704,1326.3
합천조정지,합천군(남정교),20241028,0,0,1307,1681,1052.3
시화조력,안산시(시화조력),20241028,0,0,806.5,996,1054.2
지자체(홍천),수타사계곡(홍천),20241028,0,0,240,0,163
시화조력,안산시(시화조력),20241012,0,0,743,979.5,1032.5
평화의댐,화천군(평화의댐),20241012,0,0,1154,1227,1222.6
수어,광양시(어치리),20241012,0,0,2273,2386,1868.7
운문,청도군(운문댐),20241012,0,0,889,1272.5,1080.2
보현산,영천시(보현산댐),20241012,0,0,988,1249,946.2
섬진강,임실군(섬진강댐),20241012,0,0,1202,1867,1220.3
광동,삼척시(광동댐),20241012,0,0,1163,1014,1161.7
괴산,송면(전),20241015,0,0,28,1486,1129.6
김천부항,김천시(김천부항댐),20241015,2,0,1080,1629,1114.9
화천,양구서천(전),20241021,0,0,4,3048,1963.2
춘천,지내천(전),20241021,0,0,8,1184,899.8
도암,송천1교(전),20241021,0,0,3,987,934.8
한탄강,철원군(서면초교),20241021,0,0,1439,1178,1318.2
수어,광양시(수어댐),20241021,1,0,2105,2221,1463.3
대암,울산시(대암댐),20241021,5,0,1201,1646,3146.9
도암,송천1교(전),20241011,0,0,3,986,925.5
지자체(경기도),태안읍(경기도),20241021,0,0.5,37,26.5,279.2
선암,울산시(선암댐),20241010,0,0,1305,1353,1163.4
합천조정지,합천군(남정교),20241010,0,0,1177,1674,1032.4
밀양,밀양시(밀양댐),20241010,0,0,1166,1662,1225
횡성,횡성군(갑천리),20241029,0,0,1534,1416,1371
평림,장성군(수산리),20241029,0,0,1309,1972,1284.2
남강,남원시(덕동리),20241029,0,0,1731,2554,1814.9
장흥,영암군(한대리),20241029,0,0,1755,1761,1435.7
담양홍수조절지,담양군(담양홍수조절지),20241028,0,0,1359,2207,1369.1
화순홍수조절지,화순군(화순홍수조절지),20241028,0,0,1665,1620,1289
팔당,팔당댐(FTP),20241012,0,0,1158,1221.5,1927.4
지자체(울산),두동면(울산),20241015,0,0,1276,708,1276.2
보현산,영천시(굼이교),20241015,10,0,1037,1339,934.2
보령,부여군(삼산리),20241015,3,1,1584,2212,1405.9
밀양,밀양시(밀양댐),20241015,6,0,1187,1664,1230.6
무주양수,무주양수,20241015,2,0,887,1385.5,1261.7
지자체(경기도),태안읍(경기도),20241015,0,0,37,24,278.1
화순홍수조절지,화순군(화순홍수조절지),20241010,2,0,1538,1613,1257.7
무주양수,무주양수,20241010,0,0,879.5,1385,1249.4
대곡,울산시(구미리),20241028,0,1,1182,1466,1243.4
의암,의암댐(FTP),20241029,0,0,1225,1147.5,1427.4
지자체(단양),장림(단양),20241012,0,0,0,1337,597.7
무주양수,무주양수,20241012,0,0,879.5,1385,1254.1
홍수통제소,봉화군(풍호리),20241012,0,0,982,1459,1041.2
지자체(부산),평강(부산),20241015,8.5,0,755.5,1612.5,1428
감포,경주시(감포댐),20241011,0,0.5,998,1121.5,1087.8
평림,장성군(평림댐),20241011,0,0,1245,1935,1282.9
섬진강,순창군(시산리),20241011,0,0,1182,1929,1324.6
합천조정지,합천군(남정교),20241011,0,0,1177,1674,1033.3
대청,영동군(남성리),20241011,0,0,1154,1365,1004.2
용담,장수군(원촌리),20241011,0,0,1189,1668,1203.1
광동,태백시(상사미동),20241011,0,0,1329,1207,1122.1
화순홍수조절지,화순군(화순홍수조절지),20241011,0,0,1538,1613,1258.3
팔당,팔당댐(FTP),20241021,0.5,1,1199,1240,1937.4
주암(조),순천시(주암조절지댐),20241028,1,0,2112,2241,1517.1
지자체(부산),평강(부산),20241028,0.5,0,884,1613.5,1471.1
지자체(평택),서탄면(평택),20241028,0,0,154,37.5,265.3
수어,광양시(어치리),20241028,0,0,2403,2387,1905.1
달방,동해시(달방댐),20241028,35,2,1426,1143,1147.6
안계,경주시(안계댐),20241012,0,0,873.5,947.5,854.8
영천,포항시(죽장면),20241012,0,0,1123,1322,987.4
충주조정지,충주시(향산리),20241012,0,0,1249,1362,1078.4
한탄강,철원군(오덕초교),20241012,0,0,1244,1362,1349.8
달방,동해시(달방댐),20241015,6,0,1255,1120,1113.5
영주,봉화군(물야정수장),20241015,11,0,493,0,493
횡성,횡성군(횡성댐),20241015,8,0,1488,1267,1283.2
주암(본),화순군(동가리),20241015,0,0,1487,1708,1306
지자체(단양),적성(단양),20241015,0,0,0,1418,661.5
대청,영동군(궁촌리2),20241015,3,0,1068,1713,1100.6
주암(조),순천시(죽학리),20241015,2,0,1765,2094,1526.2
소양강,홍천군(창촌리),20241015,4,0,1134,1344,1239.1
달방,동해시(달방댐),20241021,0,0,1379,1120,1130
지자체(평택),진위면(평택),20241021,0,0,0,292,287
지자체(용인),남사면(용인),20241021,0,0,0,44,159.6
괴산,송면(전),20241011,0,0,28,1486,1128.2
화천,수입천(전),20241011,0,0,4,1188,1008.9
김천부항,김천시(파천리),20241011,0,0,1208,1628,1124.9
대곡,울산시(천전리),20241011,0,0,1041,1514,1217
안동,봉화군(고선리),20241011,0,0,1160,1748,1096.5
평화의댐,화천군(풍산리),20241011,0,0,1113.4,1039.7,1239.8
달방,동해시(달방댐),20241011,0,0,1249,1120,1103.3
기상청,동로,20241011,0,0,1403,1983,1250.3
기상청,영동,20241029,0,0,1146.5,1744,1373.8
지자체(부산),녹산12(부산),20241029,0,0,781,1409,1026.3
연초,거제시(연초댐),20241014,37.7,0,2113.8,2076,1454
지자체(홍천),모곡4(홍천),20241012,0,0,121,0,86.5
시화조력,안산시(시화조력),20241015,2,0,745,982.5,1033.5
한탄강,철원군(청양리),20241015,0,0,1410,1093,1218
기상청,진안_성수면,20241015,0,0,557,1215,789.1
광동,삼척시(광동댐),20241015,8,0,1171,1014,1167.8
도암,송천1교(전),20241015,0,0,3,986,928.3
안동,안동시(의촌리),20241015,8,0,1006,1471,928.2
홍수통제소,경산시(곡신리),20241015,6,0,852,1017,944.4
의암,의암댐(FTP),20241021,0,0,1197,1131.5,1412.9
주암(조),순천시(죽학리),20241021,4,0,1788,2096,1534.5
광동,태백시(상사미동),20241021,1,0,1484,1210,1151.7
충주,평창군(수항리),20241021,0,0,1081,1174,1142.2
선암,울산시(선암댐),20241021,1,0,1445,1363,1213.4
청평,산장제1교(전),20241011,0,0,13,1562,1069
지자체(의왕),부곡동(의왕),20241021,0,0,0,92,127.3
지자체(울산),강동동(울산),20241021,2,0,1138,486,870
구천,거제시(구천댐),20241010,0,0,1851,2370,2480.8
감포,경주시(감포댐),20241010,0,0,998,1121,1085
충주조정지,괴산군(오가리),20241010,0,0,1294,1467,1391.4
대암,울산시(대암댐),20241010,0,0,1135,1642,3130
광동,태백시(상사미동),20241010,0,3,1329,1207,1120.3
지자체(홍천),군청(홍천),20241010,0,0,0,0,131.7
평화의댐,화천군(풍산리),20241010,1.9,0,1113.4,1039.7,1239.3
부안,부안군(부안청림천문대),20241010,2,0,1245,2023,1285.2
장흥,장흥군(운월리),20241010,4,0,1742,1826,1425.7
한탄강,철원군(서면초교),20241010,4,0,1405,1162,1308
평림,장성군(수산리),20241010,0,0,1227,1963,1255.8
화천,화천천(전),20241014,0,0,0,0,801
지자체(부산),평강(부산),20241003,6.5,1.5,710,1612.5,1412.9
의암,의암댐(FTP),20241003,0,0,1164.5,1108.5,1391.6
홍수통제소,화천군(명월리),20241003,0,0,1416,1238,1312.2
김천부항,김천시(김천부항댐),20241003,4,0,1064,1629,1069.4
성덕,청송군(무계리),20241003,8,0,1173,1630,1185.5
밀양,양산시(선리),20241003,3,1,1221,1795,1402.2
영천,영천시(영천댐),20241003,5,0,814.5,1150,837.9
담양홍수조절지,담양군(담양홍수조절지),20241003,6,0,1276,2207,1310.6
화순홍수조절지,화순군(화순홍수조절지),20241003,3,0,1526,1610,1228.7
경인아라뱃길,인천시(귤현보),20241003,0,0,1011,1087,1000.6
사연,울산시(사연댐),20241005,0,0,1140,1515,1504.4
충주조정지,괴산군(오가리),20241005,0,0,1294,1465,1382.5
섬진강,순창군(시산리),20241005,0,0,1176,1928,1311
용담,장수군(장판리),20241005,0,0,1747,1899,1369.9
합천조정지,합천군(남정교),20241005,0,0,1167,1674,1023.7
경인아라뱃길,인천시(귤현보),20241005,0,0,1011,1127,1008.4
지자체(군포),대야도서관(군포),20241017,0,0,0,0,29.3
평화의댐,화천군(평화의댐),20241004,0,3,1154,1222,1209.1
지자체(부산),녹산12(부산),20241014,24,0,660,1409,985.9
괴산,내속리(전),20241003,0,0,27,1839,1107.5
화천,수입천(전),20241003,0,0,4,1177,980.7
춘천,지내천(전),20241003,0,0,8,1183,880
팔당,목동교(전),20241003,0,0,16,1331,970.5
군위,군위군(양지리),20241003,8,0,962,1185,890.1
임하,청송군(월전리),20241003,3,0,883,1267,886
보현산,영천시(보현산댐),20241003,7,0,975,1249,921.4
감포,경주시(감포댐),20241003,22.5,0,961.5,1112,1037.2
대곡,울산시(천전리),20241003,14,0,1033,1513,1182.8
섬진강,순창군(시산리),20241003,10,0,1175,1927,1305.1
합천,거창군(지산교),20241002,0,0,1051,1468,1083.4
담양홍수조절지,담양군(담양홍수조절지),20241017,0,0,1319,2207,1345.7
화순홍수조절지,화순군(화순홍수조절지),20241017,0,0,1564,1613,1266.8
지자체(단양),영춘(단양),20241005,0,0,0,1390,598.5
달방,동해시(달방댐),20241017,0,0,1255,1120,1114.6
시화조력,안산시(시화조력),20241004,0,0,739.5,978.5,1024.3
광동,태백시(상사미동),20241004,0,0,1325,1194,1096.8
영천,포항시(지동리),20241004,0,0,1123,1365,1006.8
합천조정지,합천군(남정교),20241004,0,0,1167,1674,1020.8
화순홍수조절지,화순군(화순홍수조절지),20241004,0,0,1526,1610,1231.5
안동,봉화군(고선리),20241003,1,0,1156,1748,1075.9
군남,연천군(횡산리),20241003,0,0,1624,1503,1199.2
합천,거창군(지산교),20241003,4,1,1055,1469,1084.9
대청,무주군(증산리),20241003,4,0,1206,1665,1062.9
남강,산청군(하정리),20241003,5,1,1322,1719,1413
대암,울산시(대암댐),20241003,14,1,1112,1642,3099.2
사연,울산시(천전리),20241003,14,0,1033,1513,1178.4
기상청,펌프장,20241003,0,0,706,1213,870.1
감포,경주시(감포댐),20241002,0,0,939,1112,1034.7
지자체(의왕),부곡동(의왕),20241014,0,0,0,92,127
지자체(용인),기흥구청(용인),20241014,0,0.5,228,47,1986.1
지자체(홍천),모곡4(홍천),20241017,0,0,121,0,86.5
밀양,양산시(선리),20241005,0,0,1222,1795,1413.1
도암,송천1교(전),20241004,0,0,3,981,904.1
보령,보령시(도화담리),20241006,0,0,1396,2109,1305.3
횡성,횡성군(춘당리),20241006,0,0,1350,1399,1284.4
도암,송천1교(전),20241017,0,0,3,986,929.9
지자체(의왕),부곡동(의왕),20241017,0,0,0,92,127
지자체(수원),경기도청(수원),20241017,0,0,153.5,30,369
충주,제천시(물태리),20241005,0,1,1272,1405,1038.4
보현산,영천시(보현산댐),20241005,0,0,975,1249,930.6
안동,봉화군(갈산리),20241005,0,0,937,1594,967.1
대청,옥천군(산계리),20241005,0,0,1190,1384,998.8
홍수통제소,영주시(성내리),20241005,0,0,1106,1852,1057.6
밀양,양산시(선리),20241014,16,3,1242,1798,1443.1
청평,청평댐(FTP),20241003,0,0,1262.5,1397.5,1988.8
용담,진안군(주양리),20241003,9,0,1562,1906,1341.1
안계,경주시(안계댐),20241006,1,0,869.5,947,844.9
감포,경주시(감포댐),20241006,2,0,964,1112,1071
팔당,목동교(전),20241026,0,6,16,1355,1001.1
의암,의암댐(FTP),20241026,0,15.5,1225,1147.5,1422.7
청평,청평댐(FTP),20241005,0,0,1262.5,1403.5,1991.2
기상청,진동,20241005,0,0,825.5,198,866.8
지자체(울산),언양읍(울산),20241005,0,0,1102,690,1182.9
팔당,목동교(전),20241005,0,0,16,1336,979.8
화천,수입천(전),20241005,0,0,4,1179,993.2
성덕,청송군(무계리),20241005,0,0,1173,1630,1198.2
남강,함양군(운곡리),20241005,0,0,1359,1864,1384.8
김천부항,김천시(김천부항댐),20241005,0,0,1065,1629,1083
임하,청송군(상의리),20241005,0,0,897,1336,921.4
보령,보령시(보령댐),20241005,0,0,1230,1804,967.6
선암,울산시(선암댐),20241005,0,0,1292,1352,1158.4
소양강,인제군(남전리),20241005,0,0,972,1075,1014.9
지자체(홍천),모곡4(홍천),20241005,0,0,121,0,83.5
화순홍수조절지,화순군(화순홍수조절지),20241005,0,0,1526,1610,1242.8
지자체(부산),대저(부산),20241005,0,0,0,0,0
군위,군위군(군위댐),20241004,0,0,917,1120,885.1
대곡,울산시(구미리),20241004,0,0,1064,1454,1178.8
주암(조),순천시(죽학리),20241004,0,0,1731,2090,1500.8
춘천,춘천댐(FTP),20241014,0,1,1336,1256.5,1342.9
지자체(울산),서생면(울산),20241003,80,0,1499,687,1188.4
주암(본),보성군(보성강댐),20241006,3.5,0,1841,2159,1454.6
무주양수,무주양수,20241014,5.5,0.5,885,1385.5,1258.9
감포,경주시(감포댐),20241017,0,0,1033,1124,1103
군남,연천군(군남댐),20241026,0,11,1446,1406,1241.6
밀양,밀양시(밀양댐),20241026,0,0,1272,1667,1246.7
사연,울산시(천전리),20241026,0,0,1156,1519,1245.3
주암(조),순천시(주암조절지댐),20241026,0,0,2111,2241,1514.2
평림,장성군(평림댐),20241026,0,0,1326,1945,1306.1
무주양수,무주양수,20241004,0,2,874.5,1385,1240.6
담양홍수조절지,담양군(담양홍수조절지),20241004,0,0,1276,2207,1313.6
감포,경주시(감포댐),20241004,0.5,0,962,1112,1039.1
군남,연천군(횡산리),20241004,0,6,1624,1509,1205.3
대청,금산군(마전리),20241014,8,0,1312,1641,1132.2
횡성,횡성군(춘당리),20241014,0,0,1350,1406,1293.8
지자체(단양),사평(단양),20241003,0,0,0,1369,621.3
보령,부여군(삼산리),20241002,0,0,1559,2196,1375.7
합천조정지,합천군(남정교),20241002,0,0,1166,1673,1019.2
구천,거제시(구천댐),20241002,0,0,1839,2363,2447.7
군남,연천군(군남댐),20241002,0,0,1386.5,1361.5,1189
김천부항,김천시(파천리),20241002,0,0,1201,1625,1090.8
대곡,울산시(천전리),20241002,0,0,1019,1513,1181.4
대암,울산시(대암댐),20241002,0,0,1098,1641,3098.2
대곡,울산시(구미리),20241006,2,0,1066,1454,1199
팔당,경안교(전),20241006,0,0,13,1175,981.2
청평,홍천강(성포교_전),20241006,0,0,4,1053,938.5
무주양수,무주양수,20241006,1,0,875.5,1385,1242.9
보령,부여군(삼산리),20241026,0,0,1645,2232,1429.9
보현산,영천시(굼이교),20241026,0,0,1076,1343,946
성덕,청송군(갈천리),20241026,0,0,1148,1426,1072.8
섬진강,임실군(용암리),20241026,1,0,1231,1765,1170.1
안계,경주시(안계댐),20241017,0,0,895,947.5,860.1
화천,지촌천(전),20241026,0,4,10,1155,985.6
괴산,내속리(전),20241005,0,0,27,1839,1115.4
무주양수,무주양수,20241005,0,0,874.5,1385,1241.5
합천,거창군(지산교),20241004,1,0,1056,1469,1085.7
광동,삼척시(광동댐),20241003,8,0,1159,1006,1143.7
횡성,횡성군(횡성댐),20241003,2,0,1480,1259,1266.1
수어,광양시(어치리),20241003,7,0,2264,2383,1829.4
합천,거창군(지산교),20241026,0,0,1139,1473,1117.3
평화의댐,화천군(풍산리),20241026,0,6.6,1172.6,1049.8,1258.6
남강,산청군(향양리),20241026,0,0,1267,1561,1187.9
주암(본),화순군(맹리),20241026,0,0,1558,1994,1374.8
소양강,춘천시(추곡초교),20241026,0,6,1263,1236,1200.1
경인아라뱃길,김포시(아라김포터미널),20241026,0,0,971,1254,1150.4
화순홍수조절지,화순군(화순홍수조절지),20241026,0,0,1664,1620,1284.5
달방,동해시(달방댐),20241004,0,0,1238,1108,1080.2
보현산,영천시(보현산댐),20241004,0,0,975,1249,923.1
횡성,횡성군(횡성댐),20241004,0,4,1480,1263,1268.8
수어,광양시(수어댐),20241004,1,0,2016,2219,1433.4
김천부항,김천시(김천부항댐),20241004,1,0,1065,1629,1070.7
사연,울산시(구미리),20241004,0,0,1064,1454,1178.7
평림,장성군(수산리),20241004,0,3,1222,1961,1238.9
경인아라뱃길,김포시(아라김포터미널),20241014,0,3.5,899,1246,1132.4
화순홍수조절지,화순군(화순홍수조절지),20241014,26,0,1564,1613,1261.5
한탄강,철원군(서면초교),20241003,0,0,1401,1147,1289.6
평림,장성군(평림댐),20241003,4,1,1242,1929,1263.3
지자체(홍천),수타사계곡(홍천),20241003,0,0,148,0,106
운문,청도군(신원리),20241003,9,0,1159,1445,1213
장흥,장흥군(장흥댐),20241003,2,0,1659,1885,1391.1
충주조정지,괴산군(오가리),20241003,6,0,1293,1465,1376.3
구천,거제시(구천댐),20241003,3,1,1842,2364,2448.6
소양강,인제군(귀둔리),20241003,0,0,919,1026,1092.5
보령,보령시(도화담리),20241003,2,0,1396,2109,1294.9
시화조력,안산시(시화조력),20241003,0,0,739.5,978.5,1022.2
주암(조),순천시(죽학리),20241003,10,0,1731,2090,1499.4
안계,경주시(안계댐),20241003,6,0,868.5,947,830.4
충주,영월군(연덕리),20241003,8,0,1206,1467,1130.7
춘천,춘천댐(FTP),20241006,0,0,1336,1254.5,1336.2
의암,의암댐(FTP),20241006,0,0,1164.5,1115.5,1398.4
주암(본),보성군(보성강댐),20241014,23,0,1869.5,2164,1466.5
보령,부여군(삼산리),20241014,17,13,1581,2211,1404.6
충주조정지,충주시(대곡리),20241014,1,3,1394,1468,1342.3
군남,연천군(횡산리),20241014,0,0,1627,1523,1218.6
보현산,영천시(굼이교),20241014,7,4,1027,1339,933.2
성덕,청송군(갈천리),20241014,7,2,1107,1421,1056.9
합천조정지,합천군(남정교),20241014,41,0,1218,1674,1038.5
지자체(용인),남사면(용인),20241026,0,0,0,44,159.8
지자체(수원),경기도청(수원),20241026,0,0,153.5,34.5,370.7
지자체(단양),사평(단양),20241017,0,0,0,1376.5,646.8
괴산,내속리(전),20241017,0,0,27,1841,1132.4
지자체(단양),장림(단양),20241004,0,4,0,1337,588.5
화천,수입천(전),20241004,0,2,4,1179,988.2
수어,광양시(어치리),20241014,22,0,2295,2386,1872
평화의댐,화천군(풍산리),20241014,0,0,1113.4,1039.7,1239.8
팔당,경안교(전),20241014,0,2,13,1177,989.2
지자체(울산),온산읍(울산),20241002,0,0,1069,540,1211.2
화천,화천천(전),20241002,0,0,0,0,771.1
팔당,경안교(전),20241002,0,0,13,1164,959.6
용담,진안군(주양리),20241006,0,0,1562,1908,1350.8
한탄강,철원군(서면초교),20241006,0,0,1401,1150,1300.9
임하,청송군(덕리),20241006,0,0,830,1342,898
평림,장성군(수산리),20241006,2,0,1224,1961,1250.5
보현산,영천시(굼이교),20241006,2,0,1011,1335,923.7
선암,울산시(선암댐),20241006,4,0,1296,1352,1160.1
대암,울산시(대암댐),20241006,4,0,1116,1642,3121.9
사연,울산시(사연댐),20241006,5,0,1145,1515,1512.2
밀양,양산시(선리),20241006,2,0,1224,1795,1423.6
충주,평창군(수하리),20241006,1,0,1018,1095,1069.6
안동,봉화군(대현리),20241006,2,0,1413,1916,1283.7
군위,군위군(군위댐),20241006,1,0,918,1120,897.8
소양강,인제군(서성초교),20241006,0,0,947,1127,1026
평화의댐,화천군(평화의댐),20241006,0,0,1154,1222,1213.9
섬진강,임실군(섬진강댐),20241006,2,0,1199,1865,1208.3
주암(조),순천시(주암조절지댐),20241006,3,0,1990,2232,1484.2
장흥,장흥군(운월리),20241006,7,0,1727,1822,1417.2
남강,산청군(내원리),20241017,0,0,2117,2762,2174.6
대곡,울산시(구미리),20241014,24,1,1096,1458,1219.2
선암,울산시(선암댐),20241014,25,8,1330,1361,1174.4
광동,삼척시(광동댐),20241014,0,0,1163,1014,1166.2
합천,거창군(지산교),20241014,25,0,1087,1469,1103.7
지자체(부산),대저(부산),20241017,0,0,0,0,0
무주양수,무주양수,20241017,0,0,887,1385.5,1265.9
지자체(경기도),태안읍(경기도),20241017,0,0,37,24,278.4
합천,거창군(우혜리),20241005,0,0,1172,1700,1296
주암(조),순천시(주암조절지댐),20241005,0,0,1987,2232,1478.2
평림,장성군(수산리),20241005,0,0,1222,1961,1248
구천,거제시(구천댐),20241005,0,0,1842,2364,2456.7
안계,경주시(안계댐),20241005,0,0,868.5,947,836.8
광동,태백시(상사미동),20241005,0,0,1325,1194,1104.7
달방,동해시(달방댐),20241005,0,0,1238,1108,1085.7
주암(조),순천시(주암조절지댐),20241017,0,0,2015,2236,1500.3
팔당,경안교(전),20241017,0,0,13,1177,989.2
지자체(울산),온산읍(울산),20241014,0,0,1069,540,1248.4
지자체(경기도),태안읍(경기도),20241014,0,0.5,37,24,278.1
지자체(단양),장림(단양),20241014,0,4,0,1341,598.5
홍수통제소,부산시(구포대교),20241014,27,0,1338,1585,1264.2
지자체(부산),평강(부산),20241002,0,0,703.5,1611,1410.2
주암(본),화순군(동가리),20241002,0,0,1440,1704,1272
주암(조),순천시(죽학리),20241002,0,0,1721,2090,1497.7
장흥,영암군(한대리),20241002,0,0,1589,1720,1382.1
지자체(울산),동구청(울산),20241006,3,0,1351,664.5,1155.7
괴산,미원(전),20241006,0,0,29,1823,1207.8
지자체(부산),녹산12(부산),20241006,3,0,631,1409,976.2
평림,장성군(수산리),20241014,28,0,1256,1963,1260.5
안동,봉화군(대현리),20241014,4,3,1421,1920,1303.7
시화조력,안산시(시화조력),20241014,0,3,743,982.5,1033.1
섬진강,임실군(용암리),20241014,18,0,1181,1755,1151.6
지자체(홍천),수타사계곡(홍천),20241014,0,0,148,0,115.5
춘천,지내천(전),20241017,0,0,8,1184,898.9
지자체(평택),신장동(평택),20241026,0,0,0,283,193.5
지자체(군포),대야도서관(군포),20241026,0,0,0,0,29.5
김천부항,김천시(월곡리),20241017,0,0,1149,1621,1128.2
춘천,춘천댐(FTP),20241005,0,0,1336,1254.5,1332.1
의암,의암댐(FTP),20241005,0,0,1164.5,1115.5,1393.8
평화의댐,화천군(평화의댐),20241005,0,0,1154,1222,1210.8
대암,울산시(대암댐),20241005,0,0,1112,1642,3114.4
지자체(용인),남사면(용인),20241017,0,0,0,44,158.4
남강,산청군(내원리),20241004,0,0,2070,2759,2133.3
섬진강,순창군(시산리),20241004,1,1,1176,1928,1306.9
보령,보령시(도화담리),20241004,0,0,1396,2109,1297.1
선암,울산시(선암댐),20241004,0,0,1292,1352,1158.1
구천,거제시(구천댐),20241004,0,0,1842,2364,2449.6
소양강,인제군(남전리),20241004,0,0,972,1075,1013.5
성덕,청송군(무계리),20241004,0,0,1173,1630,1187.4
충주조정지,충주시(대곡리),20241004,0,21,1392,1461,1327.7
대암,울산시(대암댐),20241004,0,0,1112,1642,3100.2
임하,청송군(덕리),20241004,0,0,830,1342,891.7
충주,평창군(율치리),20241004,1,0,1336,1645,1224.7
장흥,영암군(한대리),20241004,0,0,1593,1720,1385.1
주암(본),화순군(동가리),20241004,0,1,1446,1705,1276.6
용담,진안군(황금리),20241004,0,3,1292,1815,1320.3
안계,경주시(안계댐),20241004,0,0,868.5,947,831
부안,부안군(부안청림천문대),20241004,0,1,1237,2022,1252.3
지자체(홍천),수타사계곡(홍천),20241004,0,0,148,0,106
홍수통제소,군산시(임피초교),20241004,0,1,1265,2057,1421.6
담양홍수조절지,담양군(담양홍수조절지),20241014,35,0,1317,2207,1340.7
소양강,인제군(용대초교),20241002,0,0,1043,1114,1221.6
대청,금산군(상곡리),20241002,0,0,1321,1568,1105.9
영주,봉화군(물야정수장),20241002,0,0,465,0,465
선암,울산시(선암댐),20241002,0,0,1279,1351,1146.8
사연,울산시(구미리),20241002,0,0,1051,1454,1176.8
안계,경주시(안계댐),20241002,0,0,862.5,947,828.9
담양홍수조절지,담양군(담양홍수조절지),20241002,0,0,1270,2207,1308.8
대암,울산시(대암댐),20241014,21,2,1156,1644,3136.4
영천,영천시(영천댐),20241014,6,2.5,825,1152.5,856.9
지자체(울산),남구청(울산),20241017,0,0,1038.5,649.5,1068
기상청,선동,20241017,0,0,1174,2182.5,1405.2
청평,홍천강(한덕교_전),20241026,0,20,19,1252,968.6
부안,부안군(부안청림천문대),20241005,0,0,1237,2022,1265.2
시화조력,안산시(시화조력),20241005,0,0,739.5,978.5,1024.3
성덕,청송군(성재리),20241017,0,0,1082,1396,1051.3
한탄강,철원군(삼합교),20241017,0,0,1008,1210,1169
섬진강,진안군(도통리),20241017,0,0,1280,1809,1181.9
광동,태백시(상사미동),20241017,0,0,1338,1207,1133.1
수어,광양시(수어댐),20241017,0,0,2053,2221,1458
부안,부안군(부안댐),20241017,0,0,1028,1743,1256.7
용담,진안군(신괴리),20241017,0,0,1266,1721,1235.9
영천,포항시(죽장면),20241017,0,0,1142.5,1323.5,992.5
대암,울산시(대암댐),20241017,0,0,1166,1644,3139.6
임하,영양군(도곡리),20241017,0,0,950,1431,943
청평,청평댐(FTP),20241017,0,0,1262.5,1408.5,2004.4
지자체(울산),삼동면(울산),20241004,0,0,1203,772,1207.1
기상청,도천,20241004,0.5,0,1145,1700.5,1145.1
팔당,팔당댐(FTP),20241004,0,10.5,1158,1221,1916.5
운문,경주시(대현리),20241004,0,0,1136,1317,1119.2
의암,의암댐(FTP),20241002,0,0,1164.5,1108.5,1388.3
청평,청평댐(FTP),20241002,0,0,1262.5,1397.5,1986.5
수어,광양시(수어댐),20241002,0,0,2009,2218,1430.6
군위,군위군(양지리),20241002,0,0,954,1185,888
부안,부안군(부안댐),20241002,0,0,1003,1737,1208.9
횡성,횡성군(갑천리),20241002,0,0,1412,1393,1326.1
충주조정지,괴산군(오가리),20241002,0,0,1287,1465,1374.5
성덕,청송군(갈천리),20241002,0,0,1084,1419,1012
안동,태백시(문곡동),20241002,0,0,1389,2175,1208
용담,장수군(원촌리),20241002,0,0,1177,1667,1181.1
임하,안동시(기사리),20241002,0,0,975,1348,902.1
시화조력,안산시(시화조력),20241002,0,0,739.5,978.5,1013.4
지자체(홍천),수타사계곡(홍천),20241002,0,0,148,0,106
화천,화천댐(FTP),20241006,0,0,1119.5,1046.5,2269.4
사연,울산시(구미리),20241014,24,1,1096,1458,1223
감포,경주시(감포댐),20241014,22.5,2,1021,1123.5,1096
안계,경주시(안계댐),20241014,10.5,0,884,947.5,857.6
영주,봉화군(상운초),20241014,8,2,1020,1541,958
달방,동해시(달방댐),20241014,0,0,1249,1120,1110.6
소양강,인제군(남전리),20241014,0,1,973,1081,1026.4
지자체(평택),진위면(평택),20241017,0,0,0,292,285.8
소양강,인제군(한계초교),20241017,0,0,942,1000,1028.5
홍수통제소,영주시(서천교),20241017,1,0,939,1796,1055.1
화천,화천천(전),20241017,0,0,0,0,801.6
용담,장수군(원촌리),20241026,0,0,1252,1680,1222.5
김천부항,김천시(파천리),20241026,0,0,1257,1634,1144.3
임하,영양군(답곡리),20241026,0,7,854,1275,895.5
대암,울산시(대암댐),20241026,0,0,1272,1646,3155.1
합천조정지,합천군(남정교),20241017,0,0,1222,1674,1041.4
합천,거창군(지산교),20241017,0,0,1092,1469,1106.4
영주,영주시(영주댐),20241017,0,0,1028,1389,983.6
평림,장성군(평림댐),20241017,0,0,1282,1938,1290.7
지자체(부산),대저(부산),20241004,0,0,0,0,0
춘천,춘천댐(FTP),20241004,0.5,2.5,1336,1254.5,1330.7
지자체(수원),경기도청(수원),20241014,0,1.5,153.5,30,368.9
지자체(평택),서탄면(평택),20241014,0,2,154,34,263.5
운문,청도군(신원리),20241014,18,2,1186,1448,1254.7
남강,함양군(운곡리),20241014,30,0,1395,1864,1405.9
김천부항,김천시(파천리),20241014,10,1,1218,1629,1129.9
부안,부안군(부안댐),20241014,16,4,1027,1743,1254.1
주암(조),순천시(주암조절지댐),20241014,20,0,2013,2236,1496.6
충주,정선군(애산리),20241014,0,0,1076,1206,1026.6
구천,거제시(구천댐),20241014,41,0,1892,2370,2491.4
무주양수,무주양수,20241003,5,0,874.5,1383,1236
무주양수,무주양수,20241002,0,0,869.5,1383,1232.9
광동,삼척시(광동댐),20241002,0,0,1151,1006,1141.4
달방,동해시(달방댐),20241002,0,0,1233,1108,1069
충주,영월군(내리),20241002,0,0,1260,1716,1082.6
한탄강,철원군(청양리),20241002,0,0,1408,1071,1180.7
평림,장성군(수산리),20241002,0,0,1218,1957,1234.7
운문,경주시(대현리),20241002,0,0,1130,1316,1116
평화의댐,화천군(풍산리),20241002,0,0,1111.5,1031.2,1181.3
남강,함양군(용평리),20241002,0,0,1016,1446,1199
영천,포항시(가사리),20241002,0,0,970.5,1120,930
경인아라뱃길,인천시(귤현보),20241002,0,0,1011,1087,989.6
보현산,영천시(보현산댐),20241002,0,0,968,1249,917.2
화순홍수조절지,화순군(화순홍수조절지),20241002,0,0,1523,1610,1228.1
도암,송천1교(전),20241014,0,0,3,986,926.2
군남,연천군(횡산리),20241006,0,0,1624,1509,1209.3
구천,거제시(구천댐),20241006,5,0,1847,2364,2463.8
부안,부안군(부안청림천문대),20241006,1,0,1238,2022,1270.3
합천조정지,합천군(남정교),20241006,8,0,1175,1674,1027.8
김천부항,김천시(월곡리),20241006,1,0,1133,1621,1110.2
성덕,청송군(갈천리),20241006,1,0,1094,1419,1042.9
임하,청송군(덕리),20241014,6,0,843,1343,908.7
기상청,공도,20241014,0.5,2,1242.5,1213,1071.3
안동,봉화군(고선리),20241017,0,0,1174,1754,1103.6
운문,청도군(운문댐),20241017,0,0,916,1273.5,1087.1
대곡,울산시(구미리),20241017,0,0,1103,1458,1222.4
사연,울산시(구미리),20241017,0,0,1103,1458,1226.5
장흥,영암군(한대리),20241017,0,0,1632,1727,1412.5
충주,제천시(평동리),20241017,0,0,1395,1683,1275.2
군남,연천군(횡산리),20241017,0,0,1627,1523,1221.7
선암,울산시(선암댐),20241017,0,0,1344,1361,1179.1
시화조력,안산시(시화조력),20241017,0,0,745,982.5,1033.5
평화의댐,화천군(평화의댐),20241017,0,0,1155,1228,1226.2
보현산,영천시(굼이교),20241017,0,0,1037,1339,935.7
밀양,울산시(이천리),20241017,0,0,1458,2177,1626.2
구천,거제시(구천댐),20241017,0,0,1917,2370,2493.9
보령,보령시(보령댐),20241017,0,0,1249,1810,981.8
횡성,횡성군(갑천리),20241005,0,0,1415,1394,1337.3
군남,연천군(횡산리),20241005,0,0,1624,1509,1207.7
영주,봉화군(도촌초),20241005,0,0,1024,1830,1079.6
대청,금산군(마전리),20241004,0,0,1300,1641,1115.4
영주,영주시(영주댐),20241004,0,1,1003,1385,955.6
안동,봉화군(갈산리),20241004,0,0,937,1594,964.4
한탄강,철원군(서면초교),20241004,0,3,1401,1150,1295.3
밀양,양산시(선리),20241004,1,0,1222,1795,1403.8
합천조정지,합천군(남정교),20241003,1,1,1167,1674,1020.1
선암,울산시(선암댐),20241003,13,1,1292,1352,1151.8
부안,부안군(부안청림천문대),20241003,2,0,1237,2021,1249.3
달방,동해시(달방댐),20241003,5,0,1238,1108,1077.2
영주,영주시(영주댐),20241003,0,0,1003,1384,952.1
평화의댐,화천군(평화의댐),20241003,0,0,1154,1219,1206.2
주암(본),화순군(동가리),20241003,6,0,1446,1704,1273.7
춘천,지내천(전),20241002,0,0,8,1183,872.5
도암,송천1교(전),20241002,0,0,3,981,892.8
밀양,울산시(이천리),20241002,0,0,1409,2170,1537.5
섬진강,임실군(용암리),20241002,0,0,1144,1755,1128
홍수통제소,광주시(광주시청),20241006,0,0,1011,1162,1274.8
기상청,군산_소룡동,20241006,0,0,1173,1513,1154.1
의암,의암댐(FTP),20241017,0,0,1164.5,1116,1407.1
충주조정지,충주시(향산리),20241017,0,0,1263,1365,1082.7
담양홍수조절지,담양군(담양홍수조절지),20241005,0,0,1276,2207,1323.5
청평,홍천강(성포교_전),20241004,0,2,4,1052,925.8
의암,의암댐(FTP),20241014,0,0.5,1164.5,1116,1404.6
용담,진안군(황금리),20241014,8,0,1306,1815,1339.2
장흥,장흥군(운월리),20241014,25,1,1767,1827,1429.3
한탄강,철원군(오덕초교),20241014,0,0,1244,1362,1351
지자체(단양),영춘(단양),20241002,0,0,0,1390,585.7
괴산,미원(전),20241002,0,0,29,1823,1190
기상청,신둔,20241002,0,0,1038.5,1227,1268.9
괴산,내속리(전),20241014,0,0,27,1841,1129.7
지자체(군포),대야도서관(군포),20241014,0,0,0,0,29.3
충주조정지,괴산군(고마리),20241006,0,0,1342,1650,1103
운문,청도군(신원리),20241006,4,0,1163,1445,1238.5
시화조력,안산시(시화조력),20241006,0,0,739.5,978.5,1024.4
남강,남원시(덕동리),20241006,6,0,1617,2540,1766.8
대청,옥천군(산계리),20241006,0,0,1190,1384,1000.8
수어,광양시(어치리),20241006,6,0,2271,2383,1855.8
영주,봉화군(상운초),20241006,3,0,1010,1539,949.5
도암,송천1교(전),20241006,0,0,3,981,920
영천,영천시(영천댐),20241006,1.5,0,816,1150,847.2
광동,삼척시(광동댐),20241006,0,0,1160,1006,1153.3
달방,동해시(달방댐),20241006,0,0,1238,1108,1093.6
합천,거창군(지산교),20241006,3,0,1059,1469,1092.1
지자체(홍천),수타사계곡(홍천),20241006,0,0,148,0,106
군위,군위군(양지리),20241005,0,0,962,1185,894.1
운문,청도군(신원리),20241005,0,0,1159,1445,1224.5
수어,광양시(수어댐),20241005,0,0,2016,2219,1437.4
영천,포항시(가사리),20241005,0.5,0,975,1120.5,935.9
감포,경주시(감포댐),20241005,0,0,962,1112,1058.7
장흥,장흥군(장흥댐),20241005,0,0,1659,1885,1399.5
한탄강,철원군(서면초교),20241005,0,0,1401,1150,1297.8
대곡,울산시(구미리),20241005,0,0,1064,1454,1191.8
주암(본),보성군(보성강댐),20241005,0,0,1837.5,2159,1448.3
도암,송천1교(전),20241005,0,0,3,981,912.1
경인아라뱃길,인천시(귤현보),20241017,0,0,1011,1130,1020.1
대청,무주군(기곡리),20241017,0,0,1096,1437,1071.7
군위,군위군(양지리),20241017,0,0,990,1187,913.2
횡성,횡성군(갑천리),20241017,0,0,1420,1395,1350.5
경인아라뱃길,김포시(아라김포터미널),20241004,0,30,899,1241.5,1115.7
괴산,송면(전),20241004,0,0,28,1486,1111.7
의암,의암댐(FTP),20241004,0,7,1164.5,1115.5,1392.6
Angat,AngatDam,20241014,0,0,0,0,198.9
도암,송천1교(전),20241003,0,0,3,981,903.8
홍수통제소,하동군(횡천초교),20241002,0,0,1874,2162,1874.8
담양홍수조절지,담양군(담양홍수조절지),20241006,3,0,1279,2207,1326.6
경인아라뱃길,인천시(귤현보),20241006,0,0,1011,1127,1013.4
화순홍수조절지,화순군(화순홍수조절지),20241006,5,0,1531,1610,1249.6
지자체(단양),평동(단양),20241006,0,0,0,1215.5,559.7
청평,산장제1교(전),20241014,0,2,13,1564,1069.3
군위,군위군(양지리),20241014,10,2,982,1187,911.1
주암(본),화순군(동가리),20241017,0,0,1487,1708,1309.8
지자체(울산),삼동면(울산),20241026,0,0,1409,772,1302.7
장흥,장흥군(장흥댐),20241001,0,0,1657,1885,1382.3
충주조정지,충주시(향산리),20241001,0,0,1237,1344,1054.8
남강,남원시(덕동리),20241001,1,0,1597,2538,1741.8
대곡,울산시(천전리),20241001,0,0,1019,1513,1167.6
평림,장성군(평림댐),20241001,1,0,1238,1928,1253.4
광동,태백시(상사미동),20241001,0,0,1315,1194,1082.8
용담,진안군(주양리),20241001,3,0,1553,1906,1333.4
소양강,춘천시(소양강댐),20241001,1,0,1199,1239,1204.6
지자체(홍천),군청(홍천),20241001,0,0,0,0,116.1
담양홍수조절지,담양군(담양홍수조절지),20241001,0,0,1270,2207,1299.7
괴산,압항천(전),20241001,0,0,25,1717,1057
춘천,지내천(전),20241001,0,0,8,1183,867.2
주암(본),화순군(동가리),20241016,0,0,1487,1708,1309.7
대암,울산시(대암댐),20241016,0,0,1166,1644,3139.6
지자체(단양),평동(단양),20241024,0,0,0,1226,569.6
지자체(의왕),부곡동(의왕),20241022,0,0,0,92,127.3
지자체(평택),서탄면(평택),20241022,0,0,154,37.5,264.5
Angat,AngatDam,20241022,0,0,0,0,198.9
충주조정지,괴산군(오가리),20241022,12,0,1387,1486,1410.8
김천부항,김천시(김천부항댐),20241022,20,0,1119,1631,1126.6
화순홍수조절지,화순군(화순홍수조절지),20241022,67,0,1661,1620,1283.4
한탄강,철원군(청양리),20241001,2,0,1408,1071,1172.7
대암,울산시(대암댐),20241001,0,0,1098,1641,3084
선암,울산시(선암댐),20241001,0,0,1279,1351,1146.8
김천부항,김천시(파천리),20241001,1,0,1201,1625,1080.2
지자체(전주),농수산(전주),20241001,1.5,0,196,0,140.8
합천조정지,합천군(남정교),20241016,0,0,1222,1674,1040.5
무주양수,무주양수,20241016,0,0,887,1385.5,1265.3
도암,송천1교(전),20241016,0,0,3,986,929.6
의암,의암댐(FTP),20241016,0,0,1164.5,1116,1406.3
밀양,밀양시(밀양댐),20241016,0,0,1187,1664,1232.8
합천,거창군(지산교),20241016,0,0,1092,1469,1105.8
임하,영양군(답곡리),20241016,0,0,828,1264,885.2
안동,봉화군(갈산리),20241016,0,0,961,1597,983.2
지자체(울산),청량면(울산),20241016,32,0,1352,613,1135.6
담양홍수조절지,담양군(담양홍수조절지),20241016,0,0,1319,2207,1345.6
한탄강,철원군(오덕초교),20241024,0,0,1311,1371,1365.8
부안,부안군(부안청림천문대),20241024,0,0,1309,2040,1306.8
대암,울산시(대암댐),20241024,0,0,1272,1646,3154.1
영천,포항시(가사리),20241024,0,0,1053,1124.5,966.9
광동,삼척시(광동댐),20241024,0,0,1282,1016,1186.7
평화의댐,화천군(평화의댐),20241024,0,0,1223,1233,1236.5
지자체(용인),기흥구청(용인),20241024,0,0,228,52.5,1987.4
화천,양구서천(전),20241024,0,0,4,3048,1967.4
팔당,경안교(전),20241024,0,0,13,1194,991.9
기상청,양평군(양평읍),20241024,0,0,1279.5,1142,1319.1
괴산,압항천(전),20241022,0,0,25,1735,1096.2
지자체(홍천),수타사계곡(홍천),20241022,42,0,236,0,161
성덕,청송군(무계리),20241022,23,0,1243,1637,1248.2
영천,영천시(영천댐),20241022,19,0,878,1156,867
화천,화천댐(FTP),20241022,34.5,0,1184.5,1057.5,2352.5
감포,경주시(감포댐),20241022,44,0,1104.5,1124.5,1121.4
지자체(단양),장림(단양),20241022,0,0,0,1348,605.1
팔당,목동교(전),20241022,0,0,16,1349,998.9
임하,청송군(대전리),20241022,17,0,1049,1388,952.6
청평,홍천강(한덕교_전),20241016,0,0,19,1219,962.4
대곡,울산시(구미리),20241024,0,0,1180,1464,1240.1
사연,울산시(사연댐),20241024,0,0,1266,1521,1566.9
영주,영주시(영주댐),20241024,0,0,1086,1394,990.7
시화조력,안산시(시화조력),20241024,0,1.5,806.5,996,1054.2
성덕,청송군(갈천리),20241024,0,0,1148,1426,1072
대청,무주군(기곡리),20241024,0,0,1139,1447,1082.7
평림,장성군(평림댐),20241024,0,0,1326,1945,1304.7
담양홍수조절지,담양군(담양홍수조절지),20241022,31,0,1358,2207,1361.5
대청,옥천군(산계리),20241022,21,0,1270,1393,1025.6
시화조력,안산시(시화조력),20241022,6.5,0,806.5,994.5,1053.9
기상청,영등포,20241001,1.5,0,1112.5,1290.5,1111.3
춘천,춘천댐(FTP),20241024,0,0,1412,1261.5,1356.8
충주,정선군(문곡리),20241001,1,0,1405,1458,1228.4
감포,경주시(감포댐),20241001,0,0,939,1112,1024.6
합천,거창군(지산교),20241001,0,0,1051,1468,1076.3
수어,광양시(어치리),20241001,0,0,2257,2383,1807.4
운문,경주시(대현리),20241016,0,0,1175,1318,1163
대청,청주시(상장리),20241016,0,0,1125,1732,1063
군위,군위군(양지리),20241016,1,0,990,1187,913.1
충주,제천시(물태리),20241016,0,0,1289,1416,1057.3
김천부항,김천시(파천리),20241016,0,0,1220,1629,1132.9
영주,봉화군(상운초),20241016,0,0,1031,1541,961.5
구천,거제시(구천댐),20241016,0,0,1917,2370,2493.9
남강,함양군(화촌리),20241016,0,0,1145,1512,1211.1
보령,보령시(보령댐),20241016,0,0,1249,1810,981.2
지자체(수원),경기도청(수원),20241016,0,0,153.5,30,369
지자체(경기도),태안읍(경기도),20241016,0,0,37,24,278.1
용담,장수군(삼봉리),20241016,0,0,1294,1741,1199.7
홍수통제소,구례군(문수리경로당),20241024,0,0,1517,1861,1698.6
횡성,횡성군(춘당리),20241022,37,0,1493,1417,1308.7
구천,거제시(구천댐),20241022,126,0,2063,2370,2514.5
합천조정지,합천군(남정교),20241022,60,0,1306,1678,1048.9
장흥,장흥군(운월리),20241022,79,0,1869,1832,1445.2
남강,산청군(장천리),20241022,61,0,1464,2074,1434.9
경인아라뱃길,김포시(아라김포터미널),20241022,13,0,970.5,1254,1142.9
지자체(단양),사평(단양),20241001,0,0,0,1369,617.5
영천,영천시(영천댐),20241001,0,0,809.5,1150,830.7
주암(본),화순군(맹리),20241001,0,0,1444,1976,1303.8
합천조정지,합천군(남정교),20241001,0,0,1166,1673,1011.9
안동,봉화군(대현리),20241001,0,0,1407,1916,1269.8
군남,연천군(횡산리),20241016,0,0,1627,1523,1221.3
한탄강,철원군(삼합교),20241016,0,0,1008,1210,1168.2
지자체(의왕),부곡동(의왕),20241016,0,0,0,92,127
지자체(평택),신장동(평택),20241016,0,0,0,283,192.1
홍수통제소,보은군(관기초교),20241016,0,0,1031,1343,1044
화천,화천댐(FTP),20241016,0,0,1121,1054.5,2343.8
춘천,춘천댐(FTP),20241016,0,0,1336,1256.5,1344.1
평림,장성군(평림댐),20241016,0,0,1282,1938,1290.5
장흥,장흥군(장흥댐),20241016,0,0,1693,1892,1420.5
팔당,팔당댐(FTP),20241016,0,0,1159,1224,1930
지자체(의왕),부곡동(의왕),20241024,0,0,0,92,127.3
주암(조),순천시(죽학리),20241024,0,0,1853,2096,1543.9
임하,영양군(답곡리),20241024,0,0,854,1268,894.3
횡성,횡성군(횡성댐),20241024,0,0,1623,1276,1298
소양강,인제군(용대초교),20241024,0,0,1160,1129,1271.8
김천부항,김천시(김천부항댐),20241024,0,0,1119,1631,1126.7
지자체(부산),평강(부산),20241024,0,0,880.5,1613.5,1469.9
지자체(군포),대야도서관(군포),20241022,0,0,0,0,29.3
지자체(용인),남사면(용인),20241022,0,0,0,44,159.6
횡성,횡성군(갑천리),20241001,2,0,1412,1393,1324
운문,청도군(운문댐),20241001,0,0,871.5,1272,1044.7
보령,부여군(삼산리),20241022,15,0,1643,2232,1424.1
주암(본),장흥군(봉동리),20241022,87,0,1948,1916,1476.4
안계,경주시(안계댐),20241016,0.5,0,895,947.5,860
영천,포항시(죽장면),20241016,0,0,1142.5,1323.5,992.3
지자체(홍천),수타사계곡(홍천),20241024,0,0,240,0,163
달방,동해시(달방댐),20241024,0,0,1390,1120,1142.9
보현산,영천시(보현산댐),20241024,0,0,1053,1254,963.1
남강,산청군(내대리),20241024,0,0,2203,2769,2257.1
군위,군위군(양지리),20241024,0,0,1029,1193,922.3
용담,진안군(신괴리),20241022,22,0,1304,1736,1248.1
평림,장성군(평림댐),20241022,29,0,1324,1945,1302.4
선암,울산시(선암댐),20241022,67,0,1512,1363,1235.7
대암,울산시(대암댐),20241022,71,0,1272,1646,3153
대곡,울산시(구미리),20241022,57,0,1180,1464,1238.2
섬진강,임실군(용암리),20241022,22,0,1226,1765,1166
밀양,울산시(이천리),20241022,64,0,1544,2182,1651.4
군위,군위군(양지리),20241022,16,0,1029,1193,921.6
달방,동해시(달방댐),20241022,11,0,1390,1120,1134.1
지자체(부산),녹산12(부산),20241001,0,0,623.5,1408.5,973.5
청평,홍천강(한덕교_전),20241001,0,0,19,1210,926.6
의암,의암댐(FTP),20241024,0,0,1225,1131.5,1419.7
화순홍수조절지,화순군(화순홍수조절지),20241024,0,0,1664,1620,1283.6
섬진강,임실군(섬진강댐),20241024,0,0,1281,1879,1238
사연,울산시(사연댐),20241001,0,0,1127,1514,1476.6
경인아라뱃길,인천시(아라인천터미널),20241001,2.5,0,1015,1114,1014.4
보현산,영천시(보현산댐),20241001,0,0,968,1249,905.7
안계,경주시(안계댐),20241001,0,0,862.5,947,820.3
부안,부안군(부안댐),20241001,8,0,1003,1737,1203.5
보령,부여군(삼산리),20241001,5,0,1559,2196,1371.3
임하,청송군(대전리),20241001,0,0,980,1383,914.1
홍수통제소,문경시(진안리),20241001,0,0,1223,1786,4812.3
군위,군위군(양지리),20241001,0,0,954,1185,882.8
대청,금산군(상곡리),20241001,1,0,1321,1568,1101.3
횡성,횡성군(갑천리),20241016,0,0,1420,1395,1349.6
수어,광양시(어치리),20241016,0,0,2296,2386,1876.4
화순홍수조절지,화순군(화순홍수조절지),20241016,0,0,1564,1613,1266.8
부안,부안군(부안댐),20241016,0,0,1028,1743,1255.9
청평,산장제1교(전),20241022,0,0,13,1578,1071.7
도암,송천1교(전),20241022,0,0,3,987,935.8
지자체(울산),북구청(울산),20241022,55.5,0,1270.5,627.5,1132
충주,영월군(내리),20241022,19,0,1413,1729,1118.4
안계,경주시(안계댐),20241022,26.5,0,943.5,949,869.4
충주조정지,괴산군(오가리),20241016,0,0,1314,1476,1400.5
보현산,영천시(굼이교),20241016,0,0,1037,1339,935.7
평화의댐,화천군(평화의댐),20241016,0,0,1155,1228,1225
지자체(군포),대야도서관(군포),20241016,0,0,0,0,29.3
선암,울산시(선암댐),20241016,0,0,1344,1361,1179.1
괴산,미원(전),20241016,0,0,29,1825,1222
운문,경주시(대현리),20241024,0,0,1236,1324,1180.8
용담,무주군(삼가리),20241024,0,0,1268,1596,1175.5
안동,봉화군(대현리),20241024,0,0,1566,1928,1319.5
지자체(수원),경기도청(수원),20241024,0,0,153.5,34.5,370.5
장흥,장흥군(운월리),20241024,0,0,1871,1832,1446.4
감포,경주시(감포댐),20241024,0,0,1104.5,1124.5,1129.9
군남,연천군(횡산리),20241024,0,0,1690,1540,1232.3
충주,태백시(상사미동),20241024,0,0,1497,1146,1195.2
수어,광양시(어치리),20241024,0,0,2402,2387,1899.6
안계,경주시(안계댐),20241024,0,0,943.5,949,870.5
괴산,미원(전),20241024,0,0,29,1831,1223
청평,홍천강(성포교_전),20241024,0,0,4,1067,949.7
지자체(군포),대야도서관(군포),20241024,0,0,0,0,29.3
합천조정지,합천군(남정교),20241024,0,0,1306,1678,1050.3
영주,영주시(영주댐),20241022,23,0,1084,1394,990.4
지자체(평택),진위면(평택),20241024,0,0,0,292,287.1
지자체(울산),강동동(울산),20241024,0,0,1195.5,486,881.5
담양홍수조절지,담양군(담양홍수조절지),20241024,0,0,1358,2207,1361.7
도암,송천1교(전),20241024,0,0,3,987,936
무주양수,무주양수,20241001,0,0,869.5,1383,1231.5
성덕,청송군(갈천리),20241001,0,0,1084,1419,1001.1
주암(조),순천시(죽학리),20241001,0,0,1721,2090,1486.6
시화조력,안산시(시화조력),20241001,1,0,739.5,978.5,1009.6
도암,송천1교(전),20241001,0,0,3,981,885.8
화천,화천천(전),20241001,0,0,0,0,766.3
구천,거제시(구천댐),20241001,0,0,1839,2363,2438.2
섬진강,진안군(도통리),20241001,0,0,1257,1809,1153.2
군남,연천군(횡산리),20241001,4,0,1624,1503,1171.3
평화의댐,화천군(풍산리),20241001,1.6,0,1111.5,1031.2,1177.9
달방,동해시(달방댐),20241001,0,0,1233,1108,1065.1
팔당,팔당댐(FTP),20241001,2,0,1158,1210.5,1910.8
의암,의암댐(FTP),20241001,1,0,1164.5,1108.5,1385.2
섬진강,임실군(섬진강댐),20241016,0,0,1219,1869,1226
주암(조),순천시(죽학리),20241016,0,0,1765,2094,1528.4
지자체(부산),평강(부산),20241016,0,0,755.5,1612.5,1428
달방,동해시(달방댐),20241016,0,0,1255,1120,1114.1
사연,울산시(사연댐),20241016,0,0,1181,1520,1553.4
대곡,울산시(천전리),20241016,2,0,1074,1515,1226.8
경인아라뱃길,인천시(아라인천터미널),20241016,0,0,1016,1123.5,1044.4
군남,연천군(군남댐),20241022,17,0,1445.5,1395,1235.8
소양강,인제군(귀둔리),20241022,39,0,1013,1036,1123
광동,삼척시(광동댐),20241022,13,0,1281,1016,1182.7
의암,의암댐(FTP),20241022,25.5,0,1222.5,1131.5,1417.5
밀양,양산시(선리),20241001,0,0,1218,1794,1390
영주,봉화군(상운초),20241001,0,0,1006,1538,921.6
화순홍수조절지,화순군(화순홍수조절지),20241001,0,0,1523,1610,1214.8
지자체(울산),두동면(울산),20241001,0,0,1101,708,1145.1
춘천,지내천(전),20241022,0,0,8,1184,899.8
지자체(수원),경기도청(수원),20241022,0,0,153.5,34.5,370.3
운문,청도군(운문댐),20241022,42,0,979.5,1278,1098.9
기상청,용인 응봉,20241016,0,0,1179.5,1361,1338.1
지자체(홍천),수타사계곡(홍천),20241016,0,0,149,0,116
광동,삼척시(광동댐),20241016,0,0,1171,1014,1168.3
감포,경주시(감포댐),20241016,0,0,1033,1124,1102.9
지자체(용인),남사면(용인),20241016,0,0,0,44,158.4
주암(본),화순군(동가리),20241024,0,0,1581,1714,1325.9
선암,울산시(선암댐),20241024,0,0,1512,1363,1235.7
충주조정지,괴산군(오가리),20241024,0,0,1389,1486,1412.8
구천,거제시(구천댐),20241024,0,0,2063,2370,2516.5
보령,보령시(도화담리),20241024,0,2,1468,2135,1335.6
합천,거창군(지산교),20241024,0,0,1139,1473,1115.9
밀양,양산시(선리),20241024,0,0,1332,1800,1462.1
지자체(경기도),태안읍(경기도),20241022,0,0,37,26.5,279.3
홍수통제소,하동군(횡천초교),20241022,68,0,2031,2165,2224.5
수어,광양시(수어댐),20241022,77,0,2182,2221,1471.3
사연,울산시(사연댐),20241022,67,0,1266,1521,1565.1
합천,거창군(지산교),20241022,31,0,1139,1473,1114.6
평화의댐,화천군(풍산리),20241022,32.1,0,1170.1,1043.2,1256.3
주암(조),순천시(죽학리),20241022,65,0,1853,2096,1543
한탄강,철원군(청양리),20241022,22,0,1465,1103,1229.7
소양강,춘천시(소양강댐),20241016,0,0,1199,1247,1232.7
지자체(단양),사평(단양),20241016,0,0,0,1376.5,646.8
시화조력,안산시(시화조력),20241016,0,0,745,982.5,1033.5
성덕,청송군(무계리),20241016,0,0,1195,1633,1234.8
경인아라뱃길,김포시(아라김포터미널),20241024,0,0,971,1254,1144.9
지자체(경기도),태안읍(경기도),20241024,0,1,37,27.5,279.5
기상청,수유,20241022,79,0,1304,1276,1094.9
지자체(부산),평강(부산),20241022,74.5,0,880.5,1613.5,1469.9
안동,안동시(기사리),20241022,22,0,1031,1358,925.7
보현산,영천시(굼이교),20241022,19,0,1075,1343,945.2
부안,부안군(부안청림천문대),20241022,25,0,1305,2040,1305.7
지자체(단양),단양군청(단양),20241025,0,0,0,1354,637.6
보현산,영천시(보현산댐),20241025,0,0,1053,1254,963.3
대청,옥천군(원동리),20241025,0,0,1264,1407,1049
대곡,울산시(천전리),20241025,0,0,1156,1519,1244.2
사연,울산시(구미리),20241025,0,0,1180,1464,1245.5
달방,동해시(달방댐),20241025,0,0,1390,1120,1143.7
남강,하동군(대곡리),20241025,0,0,1670,2183,1526.6
용담,진안군(신괴리),20241025,0,0,1304,1736,1250
충주,삼척시(광동댐),20241025,0,0,1282,1016,1132.9
괴산,내속리(전),20241031,0,0,27,1852,1137
화천,화천천(전),20241031,0,0,0,0,805.9
영주,봉화군(상운초),20241013,0,0,1012,1539,957
보령,부여군(삼산리),20241013,0,0,1564,2198,1402.9
충주,영월군(연덕리),20241013,0,0,1207,1468,1147.8
대청,옥천군(인포리),20241013,0,0,1234,1496,1159.8
선암,울산시(선암댐),20241013,0,0,1305,1353,1163.4
평림,장성군(수산리),20241013,0,0,1228,1963,1258
지자체(용인),기흥구청(용인),20241018,0,0,228,47,1986.4
지자체(의왕),부곡동(의왕),20241018,0,0,0,92,127
지자체(울산),동구청(울산),20241018,135.5,0,1547,664.5,1211.2
지자체(단양),평동(단양),20241018,0,0,0,1217,567.6
춘천,지내천(전),20241018,0,0,8,1184,899.5
의암,의암댐(FTP),20241030,0,0,1225,1147.5,1427.4
청평,산장제1교(전),20241023,0,0,13,1578,1072.7
홍수통제소,안동시(묵계교),20241023,0,0,870,1277,912.6
지자체(단양),평동(단양),20241023,0,0,0,1226,569.6
지자체(홍천),수타사계곡(홍천),20241023,4,0,240,0,163
괴산,괴산댐(FTP),20241023,2,0,1423.5,1535.5,1404
충주,삼척시(광동댐),20241023,1,0,1282,1016,1130.9
충주조정지,괴산군(오가리),20241023,2,0,1389,1486,1411.9
한탄강,철원군(청양리),20241023,2,0,1467,1103,1230.3
김천부항,김천시(김천부항댐),20241023,0,0,1119,1631,1126.7
밀양,울산시(이천리),20241023,0,0,1544,2182,1651.5
대청,보은군(구병리),20241023,4,0,1421,1945,1283.6
안동,봉화군(관창리),20241023,1,0,1138,1401,1094.8
영주,봉화군(물야정수장),20241023,1,0,616,0,616
남강,함양군(금천리),20241023,0,0,1202,1515,1207.7
부안,부안군(부안댐),20241030,0,0,1067,1754,1276.3
소양강,홍천군(명개리2),20241030,0,0,1134,1249,1262.8
청평,홍천강(성포교_전),20241030,0,0,4,1078,954.3
남강,남원시(덕동리),20241030,1,0,1732,2554,1815
홍수통제소,김천시(지례면사무소),20241025,0,0,1042,1476,1189.1
합천,거창군(우혜리),20241025,0,0,1249,1704,1322.8
지자체(평택),진위면(평택),20241025,0,0,0,292,287.1
지자체(울산),서생면(울산),20241025,0,0,1720,687,1267.2
경인아라뱃길,인천시(아라인천터미널),20241025,0,0,1071,1137,1058.5
충주,제천시(도전리),20241031,0,0,1395,1558,1084.6
달방,동해시(달방댐),20241031,0,0,1427,1143,1149.9
담양홍수조절지,담양군(담양홍수조절지),20241031,0,0,1359,2207,1371.5
의암,의암댐(FTP),20241031,0,0,1225,1147.5,1428.4
무주양수,무주양수,20241031,0,0,887,1385.5,1272.6
기상청,시청,20241031,0,0,225,0,215.2
화천,화천천(전),20241013,0,0,0,0,801
지자체(울산),중구청(울산),20241013,0,0,1002,642.5,1051.7
경인아라뱃길,인천시(아라인천터미널),20241013,0,0,1015,1119.5,1043.7
담양홍수조절지,담양군(담양홍수조절지),20241013,0,0,1282,2207,1338
의암,의암댐(FTP),20241013,0,0,1164.5,1115.5,1404.3
달방,동해시(달방댐),20241013,0,0,1249,1120,1109.6
사연,울산시(사연댐),20241013,0,0,1152,1515,1542.8
수어,광양시(수어댐),20241013,0,0,2023,2221,1453.8
청평,청평댐(FTP),20241013,0,0,1262.5,1404,2001.2
부안,부안군(부안청림천문대),20241018,8,0,1269,2026,1294.5
용담,진안군(주평리),20241018,2,0,1294,1662,1221.6
홍수통제소,영양군(덕봉교),20241018,10.5,0,1167,660,1362.6
남강,산청군(향양리),20241018,7,0,1223,1554,1175.9
영주,영주시(영주댐),20241018,17,0,1045,1389,985.8
운문,청도군(신원리),20241018,27,0,1225,1448,1259.9
군남,연천군(군남댐),20241018,39.5,0,1426.5,1381.5,1229
군위,군위군(군위댐),20241018,3,0,950,1127,918.1
영천,포항시(죽장면),20241018,12.5,0,1155,1323.5,993.3
충주,단양군(가평리),20241018,72,0,1251,1371,1142.1
수어,광양시(어치리),20241018,29,0,2325,2386,1879
안동,울진군(전곡리),20241018,38,0,1336,1456,1170.6
횡성,횡성군(갑천리),20241018,58,0,1478,1395,1353.1
기상청,미시령,20241023,1.5,0,1754,1840,1925.2
용담,무주군(삼가리),20241023,0,0,1268,1596,1175
주암(조),순천시(죽학리),20241023,0,0,1853,2096,1543.6
영천,포항시(죽장면),20241023,1,0,1197,1326,1001.6
운문,경주시(내칠리),20241023,0,0,1108,1175,1101
주암(본),화순군(동가리),20241023,5,0,1581,1714,1324.2
횡성,횡성군(갑천리),20241023,7,0,1534,1406,1364.5
소양강,춘천시(소양강댐),20241023,1,0,1269,1251,1245.6
팔당,팔당댐(FTP),20241023,1.5,0,1223,1240,1943
군남,연천군(횡산리),20241023,0,0,1690,1540,1231.9
임하,청송군(상의리),20241025,0,0,946,1344,956.8
부안,부안군(부안청림천문대),20241025,0,0,1309,2040,1307.6
주암(본),장흥군(봉동리),20241025,0,0,1948,1916,1480.4
김천부항,김천시(김천부항댐),20241025,0,0,1119,1631,1126.7
청평,홍천강(한덕교_전),20241025,0,0,19,1232,965.3
괴산,내속리(전),20241025,0,0,27,1852,1133.9
지자체(용인),기흥구청(용인),20241025,0,0,228,52.5,1987.4
지자체(경기도),태안읍(경기도),20241025,0,0,37,27.5,279.5
영주,영주시(영주댐),20241025,0,0,1086,1394,992.3
소양강,홍천군(명개리2),20241025,0,0,1132,1231,1257.5
안동,봉화군(서동리),20241025,0,0,1173,1691,1063.6
수어,광양시(어치리),20241025,0,0,2402,2387,1900.2
장흥,장흥군(장흥댐),20241025,0,0,1809,1893,1436.2
광동,삼척시(광동댐),20241025,0,0,1282,1016,1187.5
지자체(전주),신평교(전주),20241031,0,0,162,0,170
홍수통제소,완주군(장선초교),20241031,0,0,1373,2353,1251.3
안동,봉화군(갈산리),20241031,0,0,1003,1610,998.7
광동,태백시(상사미동),20241013,0,0,1329,1207,1127.5
충주조정지,충주시(대곡리),20241013,0,0,1393,1465,1341.8
기상청,석곡,20241018,2.5,0,1338,1665,1167.2
광동,삼척시(광동댐),20241018,48,0,1219,1014,1171.7
소양강,인제군(덕적리),20241018,43,0,1065,1093,1154.5
합천,거창군(지산교),20241018,6,0,1098,1469,1106.9
한탄강,철원군(청양리),20241018,29,0,1439,1093,1222.5
춘천,지내천(전),20241023,0,0,8,1184,900.3
임하,영양군(도곡리),20241023,0,0,986,1440,954
합천,거창군(지산교),20241023,0,0,1139,1473,1115.1
춘천,춘천댐(FTP),20241025,0,0,1412,1261.5,1359
기상청,신방동사무소,20241025,0,0,953,854,909.5
지자체(울산),삼동면(울산),20241031,0,0,1411,772,1303.1
주암(조),순천시(주암조절지댐),20241013,0,0,1993,2236,1494.6
감포,경주시(감포댐),20241013,0.5,0,998.5,1121.5,1093.2
군위,군위군(군위댐),20241013,0,0,929,1120,911.8
임하,영양군(답곡리),20241013,0,0,817,1264,881.8
지자체(단양),적성(단양),20241013,0,0,0,1413,659.1
팔당,목동교(전),20241013,0,0,16,1339,996.7
구천,거제시(구천댐),20241030,0,0,2080,2370,2526.1
합천조정지,합천군(남정교),20241023,0,0,1306,1678,1049.5
달방,동해시(달방댐),20241023,0,0,1390,1120,1140.9
보령,보령시(도화담리),20241023,2,0,1468,2133,1333.4
지자체(평택),서탄면(평택),20241023,0,0,154,37.5,264.5
지자체(울산),강동동(울산),20241023,0,0,1195.5,486,881.5
지자체(경기도),태안읍(경기도),20241031,0,0,37,27.5,280.2
합천조정지,합천군(남정교),20241013,0,0,1177,1674,1036.5
안동,안동시(의촌리),20241013,0,0,994,1471,926.7
섬진강,임실군(용암리),20241013,0,0,1163,1755,1150.1
부안,부안군(부안청림천문대),20241013,0,0,1245,2023,1288.4
지자체(수원),경기도청(수원),20241018,0,0,153.5,30,369.4
지자체(부산),평강(부산),20241018,49,0,804.5,1612.5,1444.3
군위,군위군(군위댐),20241023,1,0,996,1132,931.9
수어,광양시(수어댐),20241023,0,0,2182,2221,1471.4
대곡,울산시(천전리),20241023,0,0,1156,1519,1242.8
도암,송천1교(전),20241023,0,0,3,987,935.9
지자체(수원),경기도청(수원),20241023,0,0,153.5,34.5,370.5
Angat,Matulid,20241023,0,0,0,0,166
용담,진안군(황금리),20241030,0,0,1369,1829,1364.1
군남,연천군(군남댐),20241030,0,0,1446,1406,1246.6
팔당,경안교(전),20241025,0,0,13,1194,991.9
도암,송천1교(전),20241025,0,0,3,987,936
지자체(홍천),군청(홍천),20241025,0,0,0,0,131.8
한탄강,철원군(청양리),20241025,0,0,1467,1103,1232.8
선암,울산시(선암댐),20241031,0,0,1520,1363,1239.7
영주,봉화군(물야정수장),20241031,0,0,617,0,617
한탄강,철원군(서면초교),20241031,0,0,1472,1181,1332.3
감포,경주시(감포댐),20241031,0,0,1108.5,1124.5,1137.1
성덕,청송군(갈천리),20241031,0,0,1157,1428,1077.1
충주조정지,괴산군(고마리),20241031,0,0,1474,1674,1150.8
합천조정지,합천군(남정교),20241031,0,0,1307,1681,1054.1
화순홍수조절지,화순군(화순홍수조절지),20241013,0,0,1538,1613,1259.5
괴산,압항천(전),20241013,0,0,25,1717,1090.2
성덕,청송군(성재리),20241018,2,0,1084,1396,1052.3
임하,영양군(송하리),20241018,7,0,1070,1345,1035.3
평화의댐,화천군(평화의댐),20241018,23,0,1178,1228,1227.1
도암,송천1교(전),20241030,0,0,3,1007,939.6
담양홍수조절지,담양군(담양홍수조절지),20241023,0,0,1358,2207,1361.6
지자체(부산),대저(부산),20241023,0,0,0,0,0
운문,청도군(신원리),20241025,0,0,1278,1456,1275.2
섬진강,진안군(도통리),20241025,0,0,1323,1820,1192.7
지자체(군포),대야도서관(군포),20241025,0,0,0,0,29.3
평화의댐,화천군(평화의댐),20241025,0,0,1223,1233,1238.5
청평,산장제1교(전),20241031,0,0,13,1593,1077.7
지자체(홍천),군청(홍천),20241031,0,0,0,0,133.7
대암,울산시(대암댐),20241031,0,0,1275,1646,3157.5
대청,금산군(마전리),20241031,0,0,1384,1651,1161.3
횡성,횡성군(횡성댐),20241031,0,0,1623,1289,1305.1
시화조력,안산시(시화조력),20241031,0,0,806.5,996,1054.2
화순홍수조절지,화순군(화순홍수조절지),20241031,0,0,1665,1620,1290.9
무주양수,무주양수,20241013,0,0,879.5,1385,1257.1
감포,경주시(감포댐),20241018,9,0,1042,1124,1105.9
대청,무주군(증산리),20241018,2,0,1223,1665,1089.6
사연,울산시(사연댐),20241018,15,0,1196,1520,1555.3
대암,울산시(대암댐),20241018,26,0,1192,1644,3142.1
김천부항,김천시(월곡리),20241018,1,0,1150,1621,1128.5
안동,봉화군(갈산리),20241030,0,0,1003,1610,997.1
밀양,양산시(선리),20241030,0,0,1334,1800,1465.6
한탄강,철원군(오덕초교),20241030,0,0,1311,1378,1374.8
영주,봉화군(도촌초),20241030,0,0,1115,1853,1109.5
합천,거창군(지산교),20241030,0,0,1140,1473,1121.4
사연,울산시(천전리),20241030,0,0,1157,1519,1247.3
주암(조),순천시(주암조절지댐),20241030,0,0,2112,2241,1517.2
화천,화천댐(FTP),20241025,0,0,1186,1057.5,2356.5
임하,청송군(상의리),20241031,0,0,962,1344,961.5
남강,산청군(실매리),20241031,0,0,1329,1703,1235.5
평화의댐,화천군(풍산리),20241013,0,0,1113.4,1039.7,1239.8
합천,거창군(지산교),20241013,0,0,1062,1469,1102
한탄강,철원군(서면초교),20241013,0,0,1405,1162,1308.8
운문,청도군(신원리),20241013,0,0,1168,1446,1253
대암,울산시(대암댐),20241013,0,0,1135,1642,3134.6
대곡,울산시(구미리),20241013,0,0,1072,1457,1216.9
구천,거제시(구천댐),20241013,0,0,1851,2370,2488.8
지자체(군포),대야도서관(군포),20241018,0,0,0,0,29.3
의암,의암댐(FTP),20241018,32,0,1196.5,1116,1408.7
청평,청평댐(FTP),20241018,35.5,0,1298,1408.5,2006.1
지자체(의왕),부곡동(의왕),20241030,0,0,0,92,128
무주양수,무주양수,20241030,0,0,887,1385.5,1267.7
대청,영동군(산막리),20241030,0,0,1180,1447,1056.5
선암,울산시(선암댐),20241030,0,0,1520,1363,1239.7
운문,청도군(운문댐),20241030,0,0,981.5,1278,1103.2
대곡,울산시(구미리),20241030,0,0,1182,1466,1243.9
경인아라뱃길,인천시(귤현보),20241030,0,0,1079,1143,1039.1
평림,장성군(평림댐),20241023,2,0,1326,1945,1303.5
대암,울산시(대암댐),20241023,0,0,1272,1646,3153.3
안계,경주시(안계댐),20241023,0,0,943.5,949,869.7
지자체(경기도),태안읍(경기도),20241023,0,0,37,26.5,279.3
운문,경주시(대현리),20241031,0,0,1239,1324,1184.9
보현산,영천시(굼이교),20241031,1,0,1083,1343,950.2
평림,장성군(평림댐),20241031,0,0,1327,1945,1313.1
지자체(부산),대저(부산),20241013,0,0,0,0,0
도암,송천1교(전),20241013,0,0,3,986,925.8
횡성,횡성군(횡성댐),20241013,0,0,1480,1267,1282
성덕,청송군(무계리),20241013,0,0,1180,1630,1228.6
보현산,영천시(보현산댐),20241013,0,0,988,1249,948
지자체(용인),남사면(용인),20241030,0,0,0,44,160.3
지자체(평택),진위면(평택),20241018,0,0,0,292,285.9
지자체(경기도),태안읍(경기도),20241018,0,0,37,24,278.5
지자체(홍천),모곡4(홍천),20241030,0,0,182,0,117
홍수통제소,경주시(연안리),20241030,1,0,951,1249,1131.4
춘천,춘천댐(FTP),20241030,0,0,1412,1271,1364.1
구천,거제시(구천댐),20241023,0,0,2063,2370,2515.4
의암,의암댐(FTP),20241023,2.5,0,1225,1131.5,1419.4
감포,경주시(감포댐),20241023,0,0,1104.5,1124.5,1124.5
감포,경주시(감포댐),20241025,0,0,1104.5,1124.5,1130.3
군남,연천군(횡산리),20241025,0,0,1690,1540,1235.2
주암(조),순천시(죽학리),20241025,0,0,1853,2096,1545.4
평림,장성군(수산리),20241025,0,0,1308,1972,1278.8
합천,거창군(지산교),20241031,0,0,1140,1473,1123.1
안계,경주시(안계댐),20241031,0,0,956,949,872.7
영천,포항시(가사리),20241031,0,0,1063,1124.5,971.3
경인아라뱃길,인천시(아라인천터미널),20241031,0,0,1071.5,1137,1064.9
광동,태백시(상사미동),20241031,0,0,1511,1225,1168.1
괴산,압항천(전),20241018,0,0,25,1728,1095.2
주암(본),화순군(맹리),20241018,2,0,1492,1985,1359.3
시화조력,안산시(시화조력),20241018,54.5,0,799.5,982.5,1049.1
지자체(단양),임현(단양),20241030,0,0,0,1405,610.6
팔당,경안교(전),20241030,0,0,13,1197,994.3
경인아라뱃길,인천시(귤현보),20241023,1,0,1079,1143,1031.3
화천,양구서천(전),20241030,0,0,4,3051,1975
영천,포항시(지동리),20241030,0,0,1231,1369,1054.2
보령,부여군(삼산리),20241030,0,0,1645,2232,1434.6
김천부항,김천시(김천부항댐),20241030,0,0,1123,1631,1130.1
평림,장성군(수산리),20241030,1,0,1310,1972,1284.3
영천,포항시(가사리),20241025,0,0,1053,1124.5,967.4
군위,군위군(군위댐),20241025,0,0,996,1132,932.2
지자체(수원),경기도청(수원),20241025,0,0,153.5,34.5,370.5
지자체(의왕),부곡동(의왕),20241025,0,0,0,92,127.3
지자체(군포),대야도서관(군포),20241031,0,0,0,0,29.8
지자체(수원),경기도청(수원),20241031,0,0,153.5,34.5,371.7
구천,거제시(구천댐),20241031,0,0,2080,2370,2527.4
용담,장수군(장판리),20241031,0,0,1905,1910,1416.8
평화의댐,화천군(평화의댐),20241031,0,0,1224,1240,1246.2
주암(조),순천시(죽학리),20241031,0,0,1854,2096,1552.3
춘천,춘천댐(FTP),20241031,0,0,1412,1271,1365.3
지자체(단양),적성(단양),20241031,0,0,0,1469,674.9
섬진강,진안군(도통리),20241031,0,0,1324,1821,1200.3
홍수통제소,논산시(동산초교),20241013,0,0,1372,1771,1171
담양홍수조절지,담양군(담양홍수조절지),20241018,1,0,1320,2207,1345.8
기상청,전남농업기술원,20241030,0.5,0,1313.5,1729,1232
지자체(부산),녹산12(부산),20241030,0,0,781,1409,1026.3
지자체(군포),대야도서관(군포),20241030,0,0,0,0,29.8
지자체(경기도),태안읍(경기도),20241030,0,0,37,27.5,280.2
지자체(울산),온산읍(울산),20241030,0,0,1069,540,1270.6
횡성,횡성군(횡성댐),20241025,0,0,1623,1276,1299.8
구천,거제시(구천댐),20241025,0,0,2063,2370,2516.7
지자체(의왕),부곡동(의왕),20241031,0,0,0,92,128
장흥,장흥군(운월리),20241013,0,0,1742,1826,1427.7
주암(본),화순군(동가리),20241013,0,0,1456,1708,1302.6
안계,경주시(안계댐),20241013,0,0,873.5,947.5,856.5
김천부항,김천시(월곡리),20241013,0,0,1136,1621,1124.2
밀양,밀양시(밀양댐),20241018,15,0,1202,1664,1235.1
섬진강,임실군(섬진강댐),20241018,1,0,1220,1869,1226.9
장흥,장흥군(운월리),20241018,2,0,1769,1828,1433.1
주암(조),순천시(죽학리),20241018,19,0,1784,2094,1529.5
안계,경주시(안계댐),20241018,11.5,0,906.5,947.5,861.1
장흥,영암군(한대리),20241030,0,0,1755,1761,1435.9
주암(본),화순군(맹리),20241030,0,0,1559,1994,1380.4
성덕,청송군(무계리),20241030,0,0,1255,1639,1253.2
임하,청송군(대전리),20241030,0,0,1061,1388,956.8
Angat,Maputi,20241030,0,0,0,0,162.1
괴산,내속리(전),20241030,0,0,27,1852,1137
섬진강,순창군(시산리),20241030,0,0,1260,1945,1355.3
충주조정지,충주시(대곡리),20241030,0,0,1484,1481,1361.8
광동,태백시(상사미동),20241023,1,0,1497,1210,1159
평화의댐,화천군(평화의댐),20241023,2,0,1223,1233,1236.2
장흥,영암군(한대리),20241023,4,0,1754,1731,1425.5
사연,울산시(구미리),20241023,0,0,1180,1464,1243.5
밀양,울산시(이천리),20241025,0,0,1544,2182,1652
대암,울산시(대암댐),20241025,0,0,1272,1646,3154.2
성덕,청송군(성재리),20241025,0,0,1116,1399,1062.2
지자체(부산),평강(부산),20241025,0,0,880.5,1613.5,1469.9
화순홍수조절지,화순군(화순홍수조절지),20241025,0,0,1664,1620,1284.1
사연,울산시(구미리),20241031,0,0,1182,1466,1250.2
부안,부안군(부안댐),20241031,0,0,1067,1754,1279
김천부항,김천시(김천부항댐),20241031,0,0,1123,1631,1132.6
보령,보령시(도화담리),20241031,0,0,1468,2135,1347.5
군남,연천군(횡산리),20241013,0,0,1627,1523,1218.2
밀양,밀양시(밀양댐),20241013,0,0,1166,1662,1228.6
용담,진안군(황금리),20241013,0,0,1298,1815,1338.6
팔당,팔당댐(FTP),20241018,39,0,1198,1224,1932.5
합천조정지,합천군(남정교),20241018,18,0,1240,1674,1042
지자체(수원),경기도청(수원),20241030,0,0,153.5,34.5,371.7
선암,울산시(선암댐),20241023,0,0,1512,1363,1235.7
보현산,영천시(굼이교),20241023,1,0,1076,1343,945.3
담양홍수조절지,담양군(담양홍수조절지),20241025,0,0,1358,2207,1362.8
보령,부여군(삼산리),20241025,0,0,1645,2232,1428.3
의암,의암댐(FTP),20241025,0,0.5,1225,1132,1421.5
충주조정지,괴산군(고마리),20241025,0,0,1473,1674,1136.9
주암(본),화순군(동가리),20241031,0,0,1581,1714,1332
장흥,영암군(한대리),20241031,0,0,1755,1761,1437.1
팔당,팔당댐(FTP),20241031,0,0.5,1223,1264,1952.5
대곡,울산시(천전리),20241031,0,0,1157,1519,1248.2
보령,보령시(보령댐),20241018,25,0,1274,1810,983
평림,장성군(수산리),20241018,9,0,1266,1964,1265.2
충주조정지,충주시(향산리),20241018,81,0,1344,1365,1085.8
보현산,영천시(굼이교),20241018,4,0,1041,1339,936.2
지자체(군포),대야도서관(군포),20241023,0,0,0,0,29.3
안계,경주시(안계댐),20241030,0,0,956,949,872.3
달방,동해시(달방댐),20241030,0,0,1427,1143,1148.8
보현산,영천시(보현산댐),20241030,0,0,1058,1255,966.7
합천조정지,합천군(남정교),20241030,0,0,1307,1681,1053.5
횡성,횡성군(춘당리),20241030,0,0,1499,1430,1316.5
담양홍수조절지,담양군(담양홍수조절지),20241030,0,0,1359,2207,1369.2
화순홍수조절지,화순군(화순홍수조절지),20241030,0,0,1665,1620,1289
시화조력,안산시(시화조력),20241025,0,0,806.5,996,1054.2
안계,경주시(안계댐),20241025,0,0,943.5,949,870.6
합천조정지,합천군(남정교),20241025,0,0,1306,1678,1050.7
선암,울산시(선암댐),20241025,0,0,1512,1363,1235.7
지자체(용인),기흥구청(용인),20241031,0,0,228,52.5,1988.1
지자체(평택),서탄면(평택),20241031,0,0,154,37.5,265.5
지자체(부산),녹산12(부산),20241031,0,0,781,1409,1026.3
소양강,인제군(덕적리),20241031,0,0,1132,1099,1172
군위,군위군(양지리),20241031,0,0,1036,1193,928.2
수어,광양시(어치리),20241031,0,0,2403,2387,1907.5
군남,연천군(횡산리),20241031,0,0,1691,1558,1242.8
밀양,울산시(이천리),20241031,0,0,1547,2182,1656.8
춘천,춘천댐(FTP),20241013,0,0,1336,1255.5,1342.5
지자체(홍천),군청(홍천),20241013,0,0,0,0,131.7
화순홍수조절지,화순군(화순홍수조절지),20241018,0,0,1564,1613,1266.8
경인아라뱃길,인천시(귤현보),20241018,55,0,1066,1130,1027.5
달방,동해시(달방댐),20241018,53,0,1308,1120,1119.1
대곡,울산시(구미리),20241018,14,0,1117,1458,1224.8
지자체(홍천),모곡4(홍천),20241018,34,0,155,0,103.5
감포,경주시(감포댐),20241030,0,0,1108.5,1124.5,1135.9
평화의댐,화천군(평화의댐),20241030,0,0,1224,1240,1244.1
수어,광양시(수어댐),20241030,0,0,2183,2221,1476
군위,군위군(양지리),20241030,0,0,1036,1193,926.5
충주,제천시(삼거리),20241030,0,0,1441,1682,1234.6
화순홍수조절지,화순군(화순홍수조절지),20241023,3,0,1664,1620,1283.6
광동,삼척시(광동댐),20241030,0,0,1298,1025,1190.7
도암,송천1교(전),20241031,0,0,3,1007,939.6
남강,함양군(금천리),20241013,0,0,1128,1511,1196.2
소양강,인제군(신남리),20241013,0,0,994,1100,1215.6
영천,포항시(죽장면),20241013,0,0,1123,1322,989
시화조력,안산시(시화조력),20241013,0,0,743,979.5,1032.5
화천,양구서천(전),20241018,0,0,4,3047,1962.7
구천,거제시(구천댐),20241018,15,0,1932,2370,2495.8
도암,송천1교(전),20241018,0,0,3,986,934.7
선암,울산시(선암댐),20241018,90,0,1434,1361,1209.1
대암,울산시(대암댐),20241030,0,0,1275,1646,3157
시화조력,안산시(시화조력),20241030,0,0,806.5,996,1054.2
지자체(평택),진위면(평택),20241030,0,0,0,292,287.8
지자체(용인),기흥구청(용인),20241023,0,0,228,52.5,1987.4
지자체(의왕),부곡동(의왕),20241023,0,0,0,92,127.3
화천,양구서천(전),20241023,0,0,4,3048,1963.9
섬진강,임실군(용암리),20241023,4,0,1230,1765,1166.8
시화조력,안산시(시화조력),20241023,0,0,806.5,994.5,1053.9
성덕,청송군(갈천리),20241023,1,0,1148,1426,1071.9
부안,부안군(부안댐),20241023,0,0,1065,1754,1266.2
